meter_id,zone_id,customer_type,contracted_capacity_kva,baseline_avg_kwh,monitoring_avg_kwh,monitoring_std_kwh,min_14d_rolling_kwh,alarm_count_cover_open,alarm_count_magnetic_tamper,alarm_count_reverse_energy,alarm_count_tilt,total_alarms,drop_ratio,min_drop_ratio
MTR-00001,ZONE-01,residential,15,11.505500000000001,11.400666666666666,1.2513184531319195,10.19,0.0,0.0,0.0,0.0,0.0,0.009111584314748233,0.11433662161574909
MTR-00002,ZONE-08,commercial,25,54.9065,55.930749999999996,5.863131947986144,45.13,0.0,0.0,0.0,0.0,0.0,-0.01865443982042181,0.17805724276724977
MTR-00003,ZONE-07,industrial,150,340.0068333333333,354.3951666666666,39.66734634883639,294.71,0.0,0.0,0.0,0.0,0.0,-0.04231777694663985,0.1332233028649914
MTR-00004,ZONE-05,industrial,150,234.5105,239.46533333333335,27.370247446197972,179.99,0.0,0.0,0.0,0.0,0.0,-0.02112840718574782,0.23248639186731512
MTR-00005,ZONE-05,residential,5,16.581333333333333,17.073500000000003,2.014800551048218,15.94,0.0,1.0,0.0,0.0,1.0,-0.029681971695078913,0.03867803152138949
MTR-00006,ZONE-09,residential,15,23.845666666666666,23.702416666666668,2.4579225346366202,18.31,0.0,0.0,0.0,0.0,0.0,0.0060073807959516445,0.23214560297468445
MTR-00007,ZONE-01,residential,15,17.794,18.19025,1.9287695657633959,17.22,1.0,0.0,0.0,0.0,1.0,-0.022268742272676167,0.032258064516129115
MTR-00008,ZONE-07,residential,10,11.385333333333334,11.617083333333333,1.202894545300978,10.45,0.0,0.0,0.0,0.0,0.0,-0.020355135261740154,0.08215247687082805
MTR-00009,ZONE-03,residential,15,10.976333333333335,10.913583333333333,1.1011489765819387,9.01,0.0,0.0,0.0,0.0,0.0,0.005716845333900267,0.17914300464636046
MTR-00010,ZONE-01,residential,10,16.2545,16.519416666666665,1.783667874194682,15.1,0.0,0.0,0.0,0.0,0.0,-0.016298050796189623,0.07102648497339203
MTR-00011,ZONE-06,industrial,150,203.55383333333333,205.5955,21.843911670276086,197.8192857142857,0.0,0.0,0.0,0.0,0.0,-0.010030106695771757,0.028172142598056116
MTR-00012,ZONE-10,commercial,25,71.70533333333333,71.90491666666667,7.596089108277776,64.18,1.0,0.0,0.0,1.0,2.0,-0.0027833819892524314,0.10494802804068482
MTR-00013,ZONE-08,industrial,100,293.019,296.7069166666667,32.03184969081313,248.84,0.0,0.0,0.0,0.0,0.0,-0.012585930150149638,0.15077179295540566
MTR-00014,ZONE-08,industrial,200,265.64816666666667,277.2346666666666,29.026291586237807,246.0,0.0,0.0,1.0,0.0,1.0,-0.04361596070993623,0.07396311788336574
MTR-00015,ZONE-08,industrial,150,279.88349999999997,279.52733333333333,29.073309187549416,248.8,0.0,0.0,0.0,0.0,0.0,0.0012725532825859087,0.11105870835544063
MTR-00016,ZONE-08,residential,15,15.363166666666666,15.546833333333332,1.4763160961278838,13.26,1.0,0.0,0.0,0.0,1.0,-0.0119550005966651,0.1368966901354972
MTR-00017,ZONE-06,industrial,150,328.75933333333336,336.0409166666667,31.383023939538326,306.97,0.0,0.0,0.0,0.0,0.0,-0.022148674106083677,0.06627745929646611
MTR-00018,ZONE-02,residential,10,8.6765,8.836,0.9297640434382207,8.2,0.0,0.0,0.0,0.0,0.0,-0.018382988532242184,0.05491845790353267
MTR-00019,ZONE-09,residential,5,19.578,19.771416666666667,2.024765281897808,18.44,0.0,0.0,0.0,0.0,0.0,-0.00987928627370871,0.05812646848503411
MTR-00020,ZONE-05,residential,5,10.757333333333333,10.795083333333334,1.0765007080860673,9.6,1.0,0.0,0.0,0.0,1.0,-0.003509234010907303,0.10758552305404068
MTR-00021,ZONE-06,residential,5,12.273,10.666,2.7582808554081155,6.994999999999999,0.0,0.0,0.0,1.0,1.0,0.13093783101116263,0.4300497025992015
MTR-00022,ZONE-04,residential,5,9.1555,9.231083333333334,1.0787798864538427,8.734285714285715,0.0,0.0,0.0,0.0,0.0,-0.008255511259170456,0.04600669386863476
MTR-00023,ZONE-02,residential,15,16.658666666666665,17.071083333333334,2.021419667458688,13.05,0.0,0.0,0.0,0.0,0.0,-0.024756883303985955,0.21662397951016477
MTR-00024,ZONE-10,industrial,150,380.3685,245.25025,67.8279193954584,203.81,0.0,0.0,1.0,0.0,1.0,0.3552298626200645,0.4641775015544136
MTR-00025,ZONE-08,residential,15,12.8165,13.040249999999999,1.3743646125520308,11.79,0.0,1.0,0.0,0.0,1.0,-0.017457964342839194,0.08009206881753994
MTR-00026,ZONE-07,residential,5,24.275666666666666,24.633666666666667,2.686508131083051,21.94,0.0,0.0,0.0,0.0,0.0,-0.014747277795323255,0.09621431611902176
MTR-00027,ZONE-05,industrial,150,205.93333333333334,203.47108333333333,23.63682324472223,190.2,0.0,0.0,0.0,0.0,0.0,0.011956539333117577,0.07640012949174502
MTR-00028,ZONE-09,residential,5,18.038833333333333,17.6385,2.0474467190202743,16.56642857142857,0.0,0.0,0.0,0.0,0.0,0.022192861696525013,0.08162416796567196
MTR-00029,ZONE-06,industrial,150,183.08483333333334,190.17166666666665,20.537912036337207,171.27,0.0,0.0,0.0,1.0,1.0,-0.03870792137342516,0.06453201566851063
MTR-00030,ZONE-05,industrial,150,255.57250000000002,173.657,51.02861080155067,141.98499999999999,1.0,1.0,0.0,1.0,3.0,0.3205176613289771,0.444443357559988
MTR-00031,ZONE-05,residential,10,10.203833333333334,10.241583333333333,0.9871187133986149,9.939285714285713,0.0,1.0,0.0,0.0,1.0,-0.00369959002335718,0.02592629753990694
MTR-00032,ZONE-03,residential,5,15.774666666666667,16.198833333333333,1.852304575629062,12.92,0.0,0.0,0.0,0.0,0.0,-0.02688910489392282,0.180965260755642
MTR-00033,ZONE-01,residential,15,17.716833333333334,17.409166666666668,2.033527623082002,13.82,1.0,0.0,0.0,0.0,1.0,0.017365782071664393,0.2199508941590389
MTR-00034,ZONE-06,residential,5,16.438666666666666,16.540333333333333,1.8268804900512705,14.93,0.0,0.0,0.0,0.0,0.0,-0.0061846054018979135,0.09177548868521368
MTR-00035,ZONE-09,residential,5,18.482833333333335,18.57091666666667,2.037618892064883,15.96,0.0,0.0,0.0,0.0,0.0,-0.004765683472050641,0.13649602784565862
MTR-00036,ZONE-01,residential,15,13.470333333333334,13.264666666666667,1.4702077446146609,12.637142857142857,1.0,0.0,0.0,0.0,1.0,0.015268120066318613,0.06185373855067755
MTR-00037,ZONE-09,residential,15,10.2095,10.351916666666666,1.230377612209947,8.96,0.0,0.0,0.0,0.0,0.0,-0.013949426188027303,0.12238601302708252
MTR-00038,ZONE-09,residential,5,16.933666666666667,16.745166666666666,1.7184573809984707,15.759285714285713,0.0,0.0,0.0,0.0,0.0,0.011131670636404856,0.06935184065555522
MTR-00039,ZONE-03,residential,10,18.007333333333335,18.460500000000003,1.906459982235542,15.78,1.0,0.0,0.0,0.0,1.0,-0.0251656732442338,0.12369034837658743
MTR-00040,ZONE-07,residential,15,14.026666666666667,14.068999999999999,1.5169082886920087,12.94,1.0,0.0,0.0,0.0,1.0,-0.0030180608365018013,0.07747148288973393
MTR-00041,ZONE-02,commercial,50,38.90566666666667,39.6525,4.168751148060267,36.67,0.0,0.0,0.0,0.0,0.0,-0.019196004009698786,0.05746377991209506
MTR-00042,ZONE-08,residential,15,14.4745,10.775833333333333,4.41989269106844,6.190714285714286,3.0,2.0,0.0,2.0,7.0,0.25552983983327004,0.5723020286908505
MTR-00043,ZONE-08,residential,10,22.929,23.21558333333333,2.5054145720561185,21.79,0.0,0.0,0.0,1.0,1.0,-0.012498727957317435,0.04967508395481701
MTR-00044,ZONE-04,residential,10,10.181000000000001,10.4915,1.1122395077900606,7.49,0.0,1.0,1.0,0.0,2.0,-0.030497986445339187,0.26431588252627447
MTR-00045,ZONE-01,industrial,100,378.78333333333336,381.0324166666667,44.235507943485956,314.13,0.0,0.0,0.0,0.0,0.0,-0.0059376512518150015,0.17068684824217895
MTR-00046,ZONE-10,residential,5,22.494666666666667,17.512166666666666,7.902369412076986,7.966428571428572,1.0,0.0,0.0,1.0,2.0,0.22149694742457482,0.645852561877101
MTR-00047,ZONE-05,residential,5,22.249166666666667,22.715333333333334,2.7108260805916142,18.8,0.0,0.0,0.0,0.0,0.0,-0.02095209558410427,0.15502453275403572
MTR-00048,ZONE-09,residential,10,20.737166666666667,20.687416666666664,2.2158297934790636,18.88,0.0,0.0,0.0,0.0,0.0,0.0023990741261665782,0.08955739694429488
MTR-00049,ZONE-07,residential,15,15.887333333333334,9.656583333333334,3.3504269126782744,7.712142857142857,0.0,3.0,0.0,0.0,3.0,0.3921835004825648,0.5145728552845334
MTR-00050,ZONE-08,commercial,25,87.261,87.36425,9.929099383067102,79.69785714285716,0.0,0.0,0.0,0.0,0.0,-0.0011832319134550406,0.08667265854325346
MTR-00051,ZONE-08,industrial,100,375.652,379.91091666666665,45.38859807580659,356.6378571428571,0.0,0.0,0.0,0.0,0.0,-0.011337399153116934,0.05061637594673496
MTR-00052,ZONE-02,residential,10,23.052666666666667,23.632916666666667,2.6451567905851454,19.94,0.0,0.0,0.0,0.0,0.0,-0.02517062378900481,0.13502414760403714
MTR-00053,ZONE-04,industrial,150,188.30983333333333,170.90891666666667,38.3457777587803,114.52071428571428,2.0,0.0,1.0,1.0,4.0,0.09240577806611261,0.39184952660970473
MTR-00054,ZONE-05,residential,15,15.661666666666667,15.9665,1.6580861955678807,13.7,0.0,0.0,0.0,0.0,0.0,-0.01946365861445143,0.12525274023624566
MTR-00055,ZONE-05,industrial,200,248.32016666666667,252.34425000000002,26.15498958334799,227.46,0.0,0.0,0.0,0.0,0.0,-0.016205221619132848,0.08400512510394842
MTR-00056,ZONE-01,residential,15,18.023000000000003,18.157916666666665,1.9933692165109138,14.71,2.0,0.0,0.0,0.0,2.0,-0.007485805174868965,0.1838206735837542
MTR-00057,ZONE-06,commercial,75,100.58683333333333,65.16308333333333,27.4850431073856,45.07214285714286,0.0,0.0,2.0,0.0,2.0,0.35217084409655997,0.5519081239213596
MTR-00058,ZONE-02,industrial,200,345.652,345.3790833333333,37.433018162211994,296.17,0.0,0.0,0.0,1.0,1.0,0.0007895706278762127,0.14315554372605965
MTR-00059,ZONE-08,commercial,75,61.8515,63.159,7.206108100048175,53.93,0.0,1.0,0.0,0.0,1.0,-0.021139341810626933,0.1280728842469463
MTR-00060,ZONE-07,industrial,150,235.351,236.69866666666667,24.9122354917996,218.52,0.0,0.0,0.0,0.0,0.0,-0.0057261990247190475,0.07151446137896156
MTR-00061,ZONE-10,residential,15,21.575499999999998,21.868,2.2285736479196014,19.34,0.0,0.0,0.0,1.0,1.0,-0.013557043869203422,0.10361289425505771
MTR-00062,ZONE-08,residential,15,22.319333333333336,22.39558333333333,2.2493101821487858,21.206428571428575,0.0,0.0,0.0,1.0,1.0,-0.003416320678634177,0.04986281378945434
MTR-00063,ZONE-04,residential,5,10.250166666666667,10.314666666666666,1.08858858070403,9.31,0.0,0.0,0.0,0.0,0.0,-0.006292580608445286,0.09172208581974273
MTR-00064,ZONE-10,residential,15,23.853166666666667,23.884166666666665,2.5512144359185513,20.25,0.0,0.0,0.0,0.0,0.0,-0.0012996178005715286,0.1510561141427763
MTR-00065,ZONE-05,industrial,150,349.069,200.53458333333336,100.45341848607845,136.03142857142856,2.0,3.0,1.0,2.0,8.0,0.42551591996615756,0.6103021793071612
MTR-00066,ZONE-04,residential,10,11.566166666666668,11.621166666666666,1.3081015709370412,11.133571428571429,0.0,0.0,0.0,0.0,0.0,-0.004755248785970334,0.037401781468527906
MTR-00067,ZONE-10,residential,15,7.8645000000000005,7.85325,0.8026083135888993,7.08,0.0,0.0,1.0,0.0,1.0,0.0014304787335495117,0.0997520503528515
MTR-00068,ZONE-04,residential,10,22.671166666666668,10.58925,2.4429391178687685,9.880714285714287,1.0,0.0,0.0,1.0,2.0,0.5329199350129019,0.5641726589994214
MTR-00069,ZONE-01,commercial,75,98.55866666666665,99.7325,10.332371765597724,95.67285714285713,0.0,0.0,0.0,0.0,0.0,-0.011909996076787,0.02928011935844843
MTR-00070,ZONE-05,residential,5,20.752166666666668,21.193166666666666,2.2318432610146925,20.154285714285717,0.0,0.0,0.0,0.0,0.0,-0.021250793089878206,0.028810531545185647
MTR-00071,ZONE-08,industrial,100,176.89816666666667,175.80741666666665,19.51265370509214,147.95,1.0,0.0,0.0,0.0,1.0,0.006165976847320009,0.1636431129397422
MTR-00072,ZONE-02,residential,5,17.139833333333335,17.669666666666668,2.027502472134079,14.24,0.0,0.0,0.0,0.0,0.0,-0.030912397047812457,0.16918678711383828
MTR-00073,ZONE-05,residential,15,21.848333333333336,21.675333333333334,2.1650306859600077,19.1,0.0,0.0,0.0,0.0,0.0,0.007918224120833095,0.1257914409947365
MTR-00074,ZONE-02,residential,10,16.160333333333334,16.09433333333333,1.76152327765008,14.7,0.0,0.0,0.0,0.0,0.0,0.004084074173387631,0.09036529774550861
MTR-00075,ZONE-07,residential,10,22.87633333333333,22.9895,2.6243458888907574,21.33,0.0,0.0,0.0,0.0,0.0,-0.004946888341663236,0.06759533141966223
MTR-00076,ZONE-05,residential,5,21.342666666666666,21.687416666666667,2.233393053363498,19.55,0.0,1.0,0.0,0.0,1.0,-0.016153089273442944,0.08399450240519768
MTR-00077,ZONE-04,industrial,150,197.08583333333334,199.10716666666667,21.740479310361536,168.49,0.0,0.0,0.0,0.0,0.0,-0.010256106687864364,0.14509329691378126
MTR-00078,ZONE-03,residential,5,14.875333333333334,15.265083333333333,1.6085209009507828,14.17,0.0,0.0,0.0,0.0,0.0,-0.026201093532917996,0.04741630439654021
MTR-00079,ZONE-06,industrial,100,207.51733333333334,215.718,26.25587904073449,186.1,1.0,0.0,0.0,0.0,1.0,-0.03951798403988738,0.10320744291239936
MTR-00080,ZONE-07,residential,15,19.815166666666666,19.88533333333333,2.1887619513212986,18.672857142857143,0.0,0.0,0.0,0.0,0.0,-0.003541058616716164,0.05764824202721097
MTR-00081,ZONE-10,residential,15,13.721499999999999,13.907083333333333,1.5847081197905093,9.95,0.0,0.0,0.0,0.0,0.0,-0.013525003340256747,0.2748606201945851
MTR-00082,ZONE-05,industrial,100,202.61,204.3273333333333,23.390113250498565,187.16,0.0,0.0,0.0,0.0,0.0,-0.008476054159880064,0.07625487389566166
MTR-00083,ZONE-02,residential,15,13.2295,7.048416666666667,1.0819426939525023,6.386428571428572,0.0,1.0,1.0,0.0,2.0,0.4672197235975156,0.5172585077721326
MTR-00084,ZONE-09,residential,10,24.445666666666668,24.40041666666667,2.709192380459855,17.62,0.0,0.0,0.0,0.0,0.0,0.0018510438114457406,0.27921785728895376
MTR-00085,ZONE-07,residential,5,10.6855,10.95825,1.2505176491182766,10.212857142857143,0.0,0.0,0.0,0.0,0.0,-0.025525244490196997,0.04423217043122518
MTR-00086,ZONE-08,industrial,150,381.5013333333334,395.0963333333333,44.41160462196833,324.42,0.0,0.0,1.0,0.0,1.0,-0.0356355242096138,0.14962289341059543
MTR-00087,ZONE-01,commercial,75,87.57133333333333,88.97716666666666,8.655313147788151,75.11,0.0,0.0,1.0,1.0,2.0,-0.016053579177356392,0.1422992303417404
MTR-00088,ZONE-04,residential,15,18.072333333333333,18.184,1.8446403853489988,16.34,0.0,0.0,0.0,0.0,0.0,-0.006178873784975281,0.09585554346422709
MTR-00089,ZONE-08,industrial,100,230.16083333333333,234.51508333333334,25.520500936702316,198.89,0.0,1.0,1.0,0.0,2.0,-0.018918292643187895,0.13586513778408582
MTR-00090,ZONE-09,industrial,100,156.38866666666667,158.31875,18.203931727985108,143.42,0.0,0.0,0.0,0.0,0.0,-0.012341580591944012,0.08292587271882457
MTR-00091,ZONE-05,industrial,200,373.55833333333334,379.45366666666666,42.007870469717474,338.85,0.0,0.0,0.0,0.0,0.0,-0.01578156022040278,0.09291275347446848
MTR-00092,ZONE-09,industrial,100,172.405,124.01408333333333,33.0780112165683,99.81499999999998,0.0,2.0,0.0,2.0,4.0,0.28068163142986957,0.4210434732171342
MTR-00093,ZONE-09,residential,15,15.944666666666667,15.975083333333334,1.7120418768111896,15.01,0.0,0.0,1.0,0.0,1.0,-0.001907638917924448,0.058619392064222064
MTR-00094,ZONE-04,industrial,100,324.666,331.248,36.51384831342025,261.03,0.0,0.0,0.0,0.0,0.0,-0.02027314224464516,0.19600450924950574
MTR-00095,ZONE-09,residential,5,8.455333333333334,8.418,1.0106613193948848,6.85,0.0,0.0,0.0,0.0,0.0,0.004415359142158959,0.18986044311282824
MTR-00096,ZONE-03,industrial,200,246.01049999999998,249.39708333333334,26.09069596218768,203.68,0.0,0.0,0.0,0.0,0.0,-0.01376601134233435,0.17206785889220166
MTR-00097,ZONE-03,residential,15,9.971499999999999,10.161833333333334,1.234346684159145,9.195,0.0,0.0,0.0,0.0,0.0,-0.019087733373447824,0.07787193501479206
MTR-00098,ZONE-07,commercial,75,103.58016666666667,106.51700000000001,12.463186570688826,78.39,1.0,0.0,0.0,0.0,1.0,-0.028353240082963138,0.24319488447756255
MTR-00099,ZONE-07,commercial,75,65.23266666666667,66.10583333333334,7.3551161617952365,62.11,0.0,0.0,0.0,0.0,0.0,-0.013385420392645786,0.0478696767468243
MTR-00100,ZONE-02,commercial,75,95.79816666666667,56.39066666666667,15.64212169049941,49.401428571428575,3.0,1.0,1.0,2.0,7.0,0.41135964675733183,0.48431759927804563
MTR-00101,ZONE-09,commercial,25,70.63449999999999,71.92933333333333,7.573270081007802,58.52,0.0,0.0,0.0,0.0,0.0,-0.018331457479465962,0.17150967303513143
MTR-00102,ZONE-02,commercial,75,107.29233333333333,110.25516666666667,12.50118044734299,98.2,0.0,0.0,0.0,0.0,0.0,-0.027614585695778127,0.08474355110803189
MTR-00103,ZONE-09,commercial,75,106.38283333333334,108.53975,12.077010695198242,104.50357142857142,0.0,0.0,0.0,0.0,0.0,-0.02027504437589389,0.017665086047046308
MTR-00104,ZONE-01,residential,5,11.5855,11.879166666666666,1.270535904488274,11.292857142857143,0.0,0.0,0.0,0.0,0.0,-0.02534777667486665,0.02525940677077876
MTR-00105,ZONE-08,industrial,200,245.20083333333332,253.5085,27.428063762590057,213.89,0.0,0.0,0.0,0.0,0.0,-0.033881070279125014,0.12769464486594329
MTR-00106,ZONE-08,residential,5,24.897,24.385833333333334,2.737997668460109,23.25,0.0,0.0,0.0,0.0,0.0,0.020531255439075524,0.06615254849981922
MTR-00107,ZONE-08,residential,5,21.305333333333333,21.922916666666666,2.30125993836454,19.77,0.0,0.0,0.0,1.0,1.0,-0.028987264534701795,0.07206333312472624
MTR-00108,ZONE-07,residential,15,18.951833333333333,19.184166666666666,2.2311720488309716,18.1,0.0,0.0,0.0,0.0,0.0,-0.012259148191467784,0.04494727862739745
MTR-00109,ZONE-05,industrial,100,375.74216666666666,385.73016666666666,43.387353673570814,339.25,0.0,0.0,0.0,0.0,0.0,-0.026582057820677463,0.09712023271276893
MTR-00110,ZONE-08,industrial,100,240.52383333333333,241.82791666666665,24.543671278456486,207.08,0.0,0.0,0.0,0.0,0.0,-0.005421846622268189,0.13904581874422695
MTR-00111,ZONE-03,industrial,100,253.38216666666668,252.45516666666666,24.486899120619917,239.04214285714284,0.0,0.0,0.0,0.0,0.0,0.0036585053012808677,0.056594447818376525
MTR-00112,ZONE-08,residential,5,20.392833333333332,20.855666666666664,2.238217978635673,18.66,0.0,0.0,0.0,0.0,0.0,-0.0226958817231544,0.08497266196457898
MTR-00113,ZONE-06,commercial,75,79.7145,80.37141666666666,8.252525999422748,69.68,0.0,0.0,0.0,0.0,0.0,-0.008240867930761064,0.12588048598435664
MTR-00114,ZONE-05,residential,5,9.9025,9.621666666666666,0.9997019163573848,8.3,0.0,0.0,0.0,0.0,0.0,0.02835984179079365,0.16182782125725814
MTR-00115,ZONE-06,commercial,25,104.99933333333334,107.72041666666668,11.653617132114169,93.57,0.0,0.0,1.0,0.0,1.0,-0.025915243906310614,0.108851484771332
MTR-00116,ZONE-06,commercial,25,66.22083333333333,66.24975,7.339035549315575,63.24928571428571,0.0,1.0,0.0,0.0,1.0,-0.0004366702321778604,0.04487330450962235
MTR-00117,ZONE-01,residential,15,15.418000000000001,15.374333333333334,1.8522549207159704,14.01,0.0,0.0,1.0,0.0,1.0,0.002832187486487614,0.091321831625373
MTR-00118,ZONE-02,residential,10,21.203666666666667,21.90825,2.2551392893313085,18.45,0.0,0.0,0.0,0.0,0.0,-0.033229315684394134,0.1298674757510494
MTR-00119,ZONE-03,residential,15,15.649166666666668,15.670666666666667,1.8568414191907754,14.77714285714286,0.0,0.0,0.0,0.0,0.0,-0.0013738750732199545,0.055723338379496834
MTR-00120,ZONE-02,residential,10,11.548666666666666,11.615833333333335,1.3135643876720413,9.11,0.0,0.0,0.0,0.0,0.0,-0.00581596721122235,0.21116434797667838
MTR-00121,ZONE-05,residential,5,12.705833333333334,13.24975,1.3817425744388159,10.43,0.0,0.0,0.0,0.0,0.0,-0.04280842132878604,0.1791172033842724
MTR-00122,ZONE-07,residential,5,13.341666666666667,13.471833333333334,1.4370411848471076,12.754999999999999,0.0,0.0,0.0,0.0,0.0,-0.009756402248594753,0.04397251717676465
MTR-00123,ZONE-07,residential,5,10.059666666666667,9.928500000000001,1.1147088778479077,9.2875,0.0,0.0,0.0,0.0,0.0,0.013038868087080324,0.07675867324961072
MTR-00124,ZONE-05,residential,5,20.349,19.94333333333333,2.0054314204362185,18.93642857142857,0.0,0.0,0.0,0.0,0.0,0.019935459563942604,0.06941724058044274
MTR-00125,ZONE-09,commercial,50,93.588,95.08241666666666,10.256032288966573,91.62357142857142,0.0,0.0,0.0,0.0,0.0,-0.015968037212747976,0.020990175785662424
MTR-00126,ZONE-06,residential,15,16.1165,16.11275,1.7615682291783137,14.59,0.0,0.0,0.0,0.0,0.0,0.00023268079297611433,0.09471659479415495
MTR-00127,ZONE-01,residential,15,21.235333333333333,21.278333333333332,2.1445425491460965,17.82,0.0,1.0,0.0,1.0,2.0,-0.002024927008444921,0.1608325746397513
MTR-00128,ZONE-08,residential,10,19.762166666666666,19.993833333333335,2.202757318435594,18.12,0.0,0.0,0.0,1.0,1.0,-0.01172273620470099,0.08309648908267475
MTR-00129,ZONE-06,residential,10,10.355500000000001,10.630416666666667,1.1344079237800717,8.31,0.0,0.0,1.0,0.0,1.0,-0.026547889205414066,0.1975278837332819
MTR-00130,ZONE-07,residential,10,20.646166666666666,20.797916666666666,2.2775506140852038,19.490714285714287,0.0,0.0,2.0,0.0,2.0,-0.007350032693720365,0.0559644993478553
MTR-00131,ZONE-06,commercial,50,87.30666666666666,87.14808333333333,10.003988977162166,77.42,1.0,0.0,0.0,0.0,1.0,0.0018163943188759246,0.11324068417837496
MTR-00132,ZONE-06,residential,15,16.011,16.421583333333334,1.8951095823544482,13.52,0.0,0.0,0.0,0.0,0.0,-0.02564382820144484,0.15558053837986385
MTR-00133,ZONE-01,residential,15,13.435833333333333,13.8835,1.4545158020755204,13.342142857142857,0.0,0.0,0.0,0.0,0.0,-0.0333188612541091,0.006973179397666174
MTR-00134,ZONE-06,residential,15,24.159166666666668,24.263666666666666,2.575288491086955,17.24,0.0,0.0,0.0,0.0,0.0,-0.004325480321478947,0.286399227346418
MTR-00135,ZONE-08,residential,10,8.966166666666668,8.988166666666666,1.0278712466646238,8.16,1.0,1.0,0.0,0.0,2.0,-0.0024536684201719172,0.08991207688161063
MTR-00136,ZONE-04,commercial,50,71.20666666666666,72.16266666666667,8.446454353659846,61.72,0.0,0.0,0.0,0.0,0.0,-0.01342570920325814,0.13322722591517644
MTR-00137,ZONE-07,residential,15,12.259500000000001,12.391416666666666,1.2655395739230226,9.1,0.0,0.0,0.0,0.0,0.0,-0.010760362711910387,0.2577185040172928
MTR-00138,ZONE-01,residential,10,8.686333333333332,8.894666666666666,0.9630963138772372,7.9,0.0,0.0,0.0,0.0,0.0,-0.023984036225488392,0.09052534632948295
MTR-00139,ZONE-04,commercial,25,104.51883333333333,106.63641666666668,10.25111584791875,94.58,0.0,0.0,0.0,0.0,0.0,-0.020260303964357407,0.095091315281297
MTR-00140,ZONE-05,industrial,150,306.88283333333334,315.1603333333333,33.75890124594303,252.34,0.0,0.0,0.0,0.0,0.0,-0.026972834909305687,0.1777317836286053
MTR-00141,ZONE-10,commercial,75,48.99816666666666,49.915083333333335,4.964455845481629,41.83,0.0,0.0,0.0,0.0,0.0,-0.01871328519094262,0.14629458925333938
MTR-00142,ZONE-03,industrial,200,335.43933333333337,341.60825,37.010720787554064,314.61,1.0,0.0,0.0,0.0,1.0,-0.01839055845170212,0.062095679496938394
MTR-00143,ZONE-03,industrial,200,384.4455,262.45408333333336,89.34684659119944,197.29214285714286,2.0,1.0,0.0,2.0,5.0,0.3173178426244204,0.4868137542066616
MTR-00144,ZONE-05,residential,15,18.323833333333333,18.18566666666667,1.945626309622349,15.46,0.0,0.0,1.0,0.0,1.0,0.007540270867631205,0.15629007758565794
MTR-00145,ZONE-10,commercial,25,65.51533333333333,65.79041666666667,6.815687341903017,56.7,0.0,0.0,1.0,0.0,1.0,-0.0041987626306312364,0.13455374314409851
MTR-00146,ZONE-09,residential,10,9.382,9.409083333333333,0.9960501791495018,8.8,0.0,0.0,0.0,0.0,0.0,-0.0028867334612379114,0.06203368151779998
MTR-00147,ZONE-01,residential,10,23.549500000000002,23.708166666666667,2.40471105667738,19.9,0.0,1.0,0.0,1.0,2.0,-0.006737581123449132,0.15497144313042754
MTR-00148,ZONE-03,residential,15,14.074166666666667,14.341333333333333,1.5099184313954799,11.87,0.0,0.0,0.0,1.0,1.0,-0.01898276985019831,0.15661081177097524
MTR-00149,ZONE-09,industrial,200,357.2726666666667,363.87583333333333,37.535550847842636,324.14,0.0,0.0,0.0,0.0,0.0,-0.018482149021568972,0.09273775958231723
MTR-00150,ZONE-01,industrial,200,285.36350000000004,284.22208333333333,33.08585132361148,242.39,0.0,0.0,0.0,0.0,0.0,0.003999869172710335,0.15059213949927042
MTR-00151,ZONE-09,residential,10,8.5025,8.728583333333335,0.9787629783492603,7.84,0.0,0.0,0.0,1.0,1.0,-0.0265902185631679,0.07791825933548957
MTR-00152,ZONE-03,commercial,25,57.107,57.686416666666666,6.545729610016822,47.3,0.0,0.0,0.0,0.0,0.0,-0.010146158381050707,0.17173026073861353
MTR-00153,ZONE-10,residential,10,23.383333333333333,23.29416666666667,2.4776848041660817,18.43,0.0,0.0,0.0,0.0,0.0,0.003813257305773199,0.21183178902352107
MTR-00154,ZONE-03,industrial,150,225.7875,227.683,23.807859644250595,188.63,0.0,0.0,0.0,0.0,0.0,-0.008395061728394992,0.16456845485246085
MTR-00155,ZONE-05,residential,5,20.77583333333333,13.996333333333332,5.66520397006224,9.514285714285716,0.0,1.0,0.0,1.0,2.0,0.3263166339095904,0.5420503446655625
MTR-00156,ZONE-07,residential,10,20.290000000000003,20.427833333333336,2.359068746378547,16.27,0.0,0.0,0.0,1.0,1.0,-0.006793165763101738,0.19812715623459842
MTR-00157,ZONE-02,commercial,75,53.052,52.52733333333333,5.966224927703881,47.22,0.0,0.0,0.0,0.0,0.0,0.009889667998693175,0.1099298801176205
MTR-00158,ZONE-06,commercial,75,50.25533333333333,51.08575,5.428498819450282,43.56,0.0,0.0,0.0,0.0,0.0,-0.016523951023440286,0.1332263242375601
MTR-00159,ZONE-06,residential,10,21.274166666666666,13.826833333333333,6.33020330807539,8.72,0.0,1.0,0.0,2.0,3.0,0.3500646323788632,0.5901132045908575
MTR-00160,ZONE-08,residential,10,12.934666666666667,13.364916666666666,1.4649633579226544,12.705,1.0,0.0,0.0,0.0,1.0,-0.03326332336872473,0.0177559014534584
MTR-00161,ZONE-10,residential,10,15.527166666666666,15.569166666666666,1.9379373004285139,15.126428571428573,0.0,0.0,0.0,0.0,0.0,-0.0027049365091291744,0.025808835819247533
MTR-00162,ZONE-07,commercial,50,64.31366666666666,66.63425,7.577689018516428,60.09,0.0,0.0,1.0,0.0,1.0,-0.036082273855738256,0.065672925920359
MTR-00163,ZONE-05,residential,15,17.80483333333333,18.0675,1.9687214850542702,17.157857142857143,0.0,0.0,0.0,0.0,0.0,-0.014752548465304383,0.036337110174738396
MTR-00164,ZONE-05,residential,10,9.122833333333334,9.19,0.9229492370210004,8.19,0.0,0.0,0.0,0.0,0.0,-0.007362478762080293,0.10225258965599149
MTR-00165,ZONE-05,residential,10,21.369000000000003,21.285083333333333,2.4331523267354296,19.825,0.0,0.0,0.0,1.0,1.0,0.0039270282496453035,0.07225420000935956
MTR-00166,ZONE-09,commercial,50,68.17216666666667,70.1845,7.6022433498001,66.36,0.0,0.0,0.0,0.0,0.0,-0.02951840071583467,0.026582207303567196
MTR-00167,ZONE-04,residential,5,18.368833333333335,18.448333333333334,1.9860806948889669,17.757857142857144,0.0,0.0,0.0,1.0,1.0,-0.004327983087294651,0.03326156753610865
MTR-00168,ZONE-02,industrial,200,240.97683333333333,245.17575,28.544299366485234,222.82,0.0,1.0,0.0,0.0,1.0,-0.017424565708598516,0.07534680028024832
MTR-00169,ZONE-04,industrial,200,153.82299999999998,159.10925,18.226254918121164,128.46,0.0,0.0,0.0,0.0,0.0,-0.03436579705245646,0.1648843150894208
MTR-00170,ZONE-01,residential,15,18.054166666666667,18.168333333333333,2.021717937143297,16.105,0.0,0.0,0.0,1.0,1.0,-0.006323563351027017,0.1079621509346873
MTR-00171,ZONE-02,industrial,100,240.60350000000003,245.52491666666668,26.712478121431474,229.935,0.0,0.0,0.0,0.0,0.0,-0.020454468312666618,0.04434058523670692
MTR-00172,ZONE-01,commercial,50,76.25716666666668,77.3695,8.39365665349773,70.5,0.0,0.0,0.0,0.0,0.0,-0.014586607160419707,0.07549672926916173
MTR-00173,ZONE-08,commercial,25,56.25033333333333,56.24783333333333,6.48948991059543,50.84,0.0,0.0,0.0,0.0,0.0,4.444418107152348e-05,0.09618313372957776
MTR-00174,ZONE-08,residential,5,12.670333333333334,12.688166666666666,1.4334714186628381,11.95,0.0,0.0,0.0,0.0,0.0,-0.0014074873063059101,0.05685196390518543
MTR-00175,ZONE-07,commercial,75,96.15833333333333,96.33933333333333,9.6314056264772,87.2,0.0,0.0,0.0,1.0,1.0,-0.0018823121587658864,0.09316231909177564
MTR-00176,ZONE-05,commercial,75,40.7055,41.692750000000004,4.633186275450751,37.72,0.0,0.0,0.0,0.0,0.0,-0.024253479259559674,0.07334389701637378
MTR-00177,ZONE-08,residential,5,24.462833333333332,24.15308333333333,2.496399018631455,22.812857142857144,0.0,0.0,0.0,0.0,0.0,0.012662065582482285,0.06744828646761503
MTR-00178,ZONE-02,residential,5,16.318833333333334,16.472666666666665,2.0086195490926593,15.65,1.0,0.0,0.0,0.0,1.0,-0.009426735979900291,0.04098536455833246
MTR-00179,ZONE-10,residential,5,13.577166666666667,13.677333333333333,1.5444216416778527,11.79,0.0,0.0,0.0,0.0,0.0,-0.007377582460748933,0.1316303106931982
MTR-00180,ZONE-06,industrial,150,359.541,368.24725,40.085970050567056,337.83,1.0,0.0,0.0,0.0,1.0,-0.02421490177754415,0.06038532462222668
MTR-00181,ZONE-10,commercial,75,56.725833333333334,57.21158333333334,6.686550528949176,49.36,0.0,0.0,0.0,0.0,0.0,-0.0085631179209944,0.12984971573797943
MTR-00182,ZONE-02,residential,15,10.206833333333332,10.38375,1.0638546233691268,9.895714285714286,0.0,0.0,0.0,0.0,0.0,-0.017333159158080313,0.030481446836503
MTR-00183,ZONE-05,industrial,150,201.95916666666665,200.9655833333333,21.6021862337364,191.91571428571427,0.0,0.0,0.0,0.0,0.0,0.004919723871574688,0.04973011399640537
MTR-00184,ZONE-07,industrial,150,275.5645,276.0745833333333,31.590752633100898,230.51,0.0,0.0,1.0,0.0,1.0,-0.0018510487865210923,0.16349892674854716
MTR-00185,ZONE-05,residential,10,11.139000000000001,11.37075,1.109444680910229,10.797142857142857,0.0,0.0,0.0,0.0,0.0,-0.020805278750336553,0.0306901106793378
MTR-00186,ZONE-05,industrial,100,300.2683333333333,307.2308333333333,34.25807849481436,279.57,0.0,0.0,0.0,0.0,0.0,-0.023187593319308863,0.06893278789527146
MTR-00187,ZONE-02,residential,5,17.978666666666665,13.803333333333335,4.886626980781294,8.755,0.0,2.0,0.0,1.0,3.0,0.23223820824681096,0.5130339661821417
MTR-00188,ZONE-04,residential,10,9.025666666666666,9.255666666666666,0.9929243231407896,8.852857142857143,0.0,0.0,0.0,0.0,0.0,-0.025482882150902997,0.01914645534692061
MTR-00189,ZONE-03,residential,10,21.532333333333334,17.18525,5.480061332310282,11.245714285714286,0.0,3.0,2.0,0.0,5.0,0.201886310509776,0.4777289524723616
MTR-00190,ZONE-04,commercial,25,84.84533333333334,85.40391666666666,9.268760062826145,78.03,0.0,0.0,0.0,0.0,0.0,-0.006583548103215042,0.08032655498632812
MTR-00191,ZONE-07,industrial,150,391.95166666666665,164.11866666666668,78.10356599884983,133.47071428571428,1.0,0.0,0.0,0.0,1.0,0.5812783038725012,0.6594714970322507
MTR-00192,ZONE-07,commercial,75,111.37616666666666,114.36675,12.169048502228096,104.17,0.0,0.0,0.0,0.0,0.0,-0.026851196470818905,0.06470115539380805
MTR-00193,ZONE-07,industrial,100,280.7675,282.65091666666666,29.449196333667246,237.04,0.0,0.0,0.0,0.0,0.0,-0.0067081007120364244,0.15574274087990947
MTR-00194,ZONE-04,industrial,100,338.56666666666666,343.1943333333333,38.865092776508455,269.17,0.0,0.0,0.0,0.0,0.0,-0.013668406025401092,0.2049719405336221
MTR-00195,ZONE-10,residential,10,23.1995,23.294583333333332,2.664080365656763,19.16,0.0,0.0,0.0,0.0,0.0,-0.004098507870140766,0.17412013189939435
MTR-00196,ZONE-01,residential,10,15.427,15.070416666666667,1.7048918228001972,12.75,0.0,0.0,0.0,1.0,1.0,0.023114236943886257,0.1735269332987619
MTR-00197,ZONE-04,commercial,50,56.46666666666667,57.54525,5.862787641435722,50.44,0.0,0.0,0.0,0.0,0.0,-0.019101239669421455,0.10672963400236135
MTR-00198,ZONE-02,residential,15,17.449666666666666,14.744833333333334,4.182968063555864,9.098571428571429,1.0,2.0,1.0,1.0,5.0,0.15500773653746958,0.47858193498033796
MTR-00199,ZONE-04,residential,15,22.789666666666665,23.131500000000003,2.634255160780907,19.96,0.0,0.0,0.0,0.0,0.0,-0.014999488072079625,0.12416446050110419
MTR-00200,ZONE-10,residential,10,14.3725,14.6915,1.6871788645571644,11.61,1.0,0.0,0.0,0.0,1.0,-0.022195164376413112,0.19220734040702736
MTR-00201,ZONE-04,residential,15,16.109166666666667,16.122,1.9219482412429338,12.72,1.0,0.0,0.0,0.0,1.0,-0.0007966478712948533,0.21038746055558422
MTR-00202,ZONE-10,commercial,25,45.27366666666667,46.07533333333333,4.98615291546083,39.88,0.0,0.0,0.0,0.0,0.0,-0.017707129236274044,0.1191347435227248
MTR-00203,ZONE-05,residential,15,13.015333333333333,13.14375,1.427666640996814,12.47,0.0,0.0,0.0,0.0,0.0,-0.009866567638170398,0.041899298263586404
MTR-00204,ZONE-07,residential,15,16.251833333333334,16.530166666666666,1.6519181533702492,15.54,0.0,0.0,0.0,0.0,0.0,-0.017126272933309927,0.04380018664560925
MTR-00205,ZONE-05,residential,10,9.194166666666666,9.403250000000002,0.9985697019136083,8.05,1.0,0.0,0.0,1.0,2.0,-0.02274086830417854,0.12444484727635263
MTR-00206,ZONE-03,residential,15,18.675333333333334,18.954333333333334,2.1616208256393015,13.92,0.0,0.0,0.0,0.0,0.0,-0.014939492378538421,0.2546317781030236
MTR-00207,ZONE-08,residential,10,15.693666666666667,16.14175,1.74144374687482,15.25,0.0,0.0,0.0,0.0,0.0,-0.02855185743718258,0.028270427561011946
MTR-00208,ZONE-10,residential,15,18.553166666666666,18.624416666666665,1.9069795713206195,17.719285714285714,1.0,0.0,0.0,0.0,1.0,-0.00384031477106328,0.04494547843841312
MTR-00209,ZONE-03,residential,5,9.314833333333333,7.30375,2.068576038663093,5.462142857142857,0.0,3.0,0.0,0.0,3.0,0.21590116123029568,0.41360809563854883
MTR-00210,ZONE-08,residential,15,14.196333333333333,14.294916666666667,1.6593326571085067,10.37,0.0,1.0,0.0,0.0,1.0,-0.006944281387212703,0.26952969076522115
MTR-00211,ZONE-03,commercial,50,58.400666666666666,44.001333333333335,11.548732545927574,36.247142857142855,1.0,0.0,1.0,0.0,2.0,0.24656111231606936,0.3793368307928644
MTR-00212,ZONE-08,residential,15,9.702499999999999,10.083916666666665,1.0651967868323067,7.77,0.0,0.0,0.0,0.0,0.0,-0.03931117409602325,0.1991754702396289
MTR-00213,ZONE-08,commercial,75,74.68433333333334,75.08058333333334,7.708323591938731,64.03,0.0,0.0,0.0,0.0,0.0,-0.005305664284789735,0.14265821033416204
MTR-00214,ZONE-05,commercial,75,113.59566666666666,115.97716666666666,11.577816529995669,110.58857142857143,0.0,1.0,0.0,0.0,1.0,-0.02096470816081597,0.026471918571675856
MTR-00215,ZONE-08,industrial,100,311.7865,318.55475,34.37263771470537,302.90625,0.0,0.0,0.0,0.0,0.0,-0.021707963622543014,0.028481829713602025
MTR-00216,ZONE-03,commercial,75,107.46366666666667,107.76108333333333,12.693055919061639,79.45,0.0,0.0,0.0,0.0,0.0,-0.002767602073258768,0.2606803539801049
MTR-00217,ZONE-01,residential,10,19.28483333333333,19.838250000000002,1.960186349613241,17.4,0.0,0.0,0.0,0.0,0.0,-0.028696989862500022,0.0977365632751126
MTR-00218,ZONE-01,residential,15,8.065,8.239166666666668,0.9387884050561056,7.3,0.0,0.0,0.0,0.0,0.0,-0.02159537094441011,0.09485430874147549
MTR-00219,ZONE-05,residential,15,24.515666666666668,24.253,2.6434929146710355,23.506428571428575,0.0,0.0,0.0,0.0,0.0,0.010714237154472728,0.04116706712325835
MTR-00220,ZONE-10,residential,10,8.049166666666666,8.092416666666667,0.8435180389729848,6.7,0.0,0.0,1.0,0.0,1.0,-0.005373227042136941,0.16761569520654307
MTR-00221,ZONE-02,residential,10,18.53216666666667,18.505333333333333,2.299619966167349,16.54,0.0,0.0,0.0,1.0,1.0,0.0014479328734724461,0.10749777414045858
MTR-00222,ZONE-05,industrial,100,152.2525,152.66816666666668,16.74452033700956,142.93,0.0,1.0,0.0,0.0,1.0,-0.0027301139007023245,0.06123052166631082
MTR-00223,ZONE-08,industrial,100,257.9555,264.2305,27.69987391440527,248.4,0.0,0.0,0.0,1.0,1.0,-0.024325901172876918,0.037043210941421933
MTR-00224,ZONE-03,residential,10,18.776333333333334,9.90225,5.202239088470794,6.731428571428572,1.0,0.0,0.0,1.0,2.0,0.47262067496316285,0.6414939779814001
MTR-00225,ZONE-08,commercial,50,114.40366666666667,118.11149999999999,13.105378051225623,113.46714285714286,0.0,0.0,0.0,0.0,0.0,-0.032410091751138514,0.00818613456028916
MTR-00226,ZONE-04,residential,15,13.280166666666666,13.136916666666668,1.3816107977135041,12.472857142857142,0.0,0.0,0.0,0.0,0.0,0.010786762214329504,0.06079061687048537
MTR-00227,ZONE-09,commercial,75,75.47749999999999,75.15608333333333,7.85855764299603,72.365,0.0,0.0,0.0,0.0,0.0,0.004258443465491868,0.041237454870656776
MTR-00228,ZONE-06,residential,15,21.917333333333332,22.222916666666666,2.6115423807479314,19.94,0.0,0.0,0.0,2.0,2.0,-0.013942541671736253,0.09021778805207437
MTR-00229,ZONE-06,residential,5,12.1415,12.369416666666666,1.2308515163016505,11.31,0.0,0.0,0.0,1.0,1.0,-0.01877170585732113,0.06848412469628962
MTR-00230,ZONE-02,commercial,25,84.54216666666666,84.31175,8.846645346488952,76.73,0.0,0.0,0.0,0.0,0.0,0.0027254644132216344,0.0924055648759099
MTR-00231,ZONE-05,commercial,75,88.12166666666667,90.94,9.886739697632356,81.35,0.0,0.0,0.0,0.0,0.0,-0.03198229720273105,0.07684451421330363
MTR-00232,ZONE-09,residential,15,11.832666666666666,11.838416666666665,1.2537191701904702,9.05,0.0,0.0,0.0,1.0,1.0,-0.0004859428700207946,0.2351681784889289
MTR-00233,ZONE-01,industrial,200,199.78616666666667,204.31824999999998,23.40662926502705,173.7,0.0,0.0,0.0,0.0,0.0,-0.022684670360059833,0.13057043488997
MTR-00234,ZONE-08,commercial,75,101.8685,102.1585,11.858042595710332,92.13,1.0,1.0,1.0,0.0,3.0,-0.002846807403662721,0.09559873758816517
MTR-00235,ZONE-05,residential,10,15.6085,10.833916666666665,5.294123156198502,5.455,3.0,0.0,0.0,0.0,3.0,0.3058963598893766,0.6505109395521671
MTR-00236,ZONE-08,commercial,75,107.29783333333333,107.42316666666667,12.295263211943873,91.74,0.0,0.0,0.0,0.0,0.0,-0.001168088203086004,0.14499671475192888
MTR-00237,ZONE-07,commercial,50,89.782,89.86883333333334,10.88332115209874,82.84,0.0,0.0,0.0,0.0,0.0,-0.0009671574851679576,0.07732062105990056
MTR-00238,ZONE-05,residential,5,19.237666666666666,19.25658333333333,2.142178854600623,17.17,1.0,0.0,0.0,0.0,1.0,-0.0009833139847175154,0.1074801171313221
MTR-00239,ZONE-04,commercial,25,46.948499999999996,47.118500000000004,5.23851968473871,43.7,0.0,0.0,0.0,0.0,0.0,-0.0036209889559839503,0.06919283896184103
MTR-00240,ZONE-07,industrial,200,261.3958333333333,261.8609166666667,29.86559032912764,193.67,0.0,0.0,1.0,0.0,1.0,-0.001779230094843598,0.25909301028134213
MTR-00241,ZONE-02,industrial,100,264.8815,265.56291666666664,28.904706034093618,242.95,0.0,0.0,0.0,0.0,0.0,-0.0025725340073452507,0.08279740185705697
MTR-00242,ZONE-06,commercial,75,97.10300000000001,58.97383333333333,15.281298846163915,50.515,1.0,0.0,1.0,0.0,2.0,0.3926672365083126,0.47977920352615266
MTR-00243,ZONE-01,commercial,50,89.40683333333332,90.19766666666666,9.825024535076029,85.06142857142856,0.0,0.0,0.0,0.0,0.0,-0.00884533434245327,0.04860260228324931
MTR-00244,ZONE-07,residential,10,22.879166666666666,17.22925,5.289284738621893,12.710714285714285,2.0,1.0,0.0,0.0,3.0,0.24694591149153156,0.4444415537112678
MTR-00245,ZONE-07,commercial,25,81.1135,83.66325,9.15041783153079,64.17,0.0,0.0,0.0,0.0,0.0,-0.03143434816645807,0.20888631362227006
MTR-00246,ZONE-01,residential,15,10.242666666666667,10.222666666666667,1.0059217382169292,7.9,0.0,0.0,0.0,1.0,1.0,0.00195261650611811,0.22871648008331158
MTR-00247,ZONE-08,residential,15,22.2195,14.709666666666667,4.0117958285919935,12.615714285714287,1.0,0.0,1.0,2.0,4.0,0.337983903028121,0.4322233044976581
MTR-00248,ZONE-05,residential,10,16.635166666666667,16.802833333333332,1.9182249249619028,15.983571428571427,0.0,0.0,0.0,0.0,0.0,-0.010079049403372231,0.039169745103960874
MTR-00249,ZONE-08,residential,5,21.520666666666667,22.030916666666666,2.2277697314108735,21.02642857142857,0.0,0.0,0.0,0.0,0.0,-0.023709767355410305,0.02296574278545105
MTR-00250,ZONE-01,residential,15,18.71833333333333,18.736749999999997,1.9629300524359752,17.84285714285714,0.0,0.0,0.0,1.0,1.0,-0.0009838838927966886,0.04677105460650999
MTR-00251,ZONE-02,industrial,150,285.73466666666667,290.30533333333335,30.760248382615874,251.37,0.0,0.0,0.0,0.0,0.0,-0.01599619227161808,0.12026775423353131
MTR-00252,ZONE-05,residential,10,22.029166666666665,22.404083333333332,2.54612227680828,18.275,1.0,0.0,0.0,0.0,1.0,-0.017019103461320295,0.17041800643086813
MTR-00253,ZONE-02,residential,5,10.096333333333332,10.488833333333334,0.9986185275596653,9.59,0.0,0.0,0.0,0.0,0.0,-0.03887549935620216,0.05015021955165233
MTR-00254,ZONE-04,industrial,150,215.7061666666667,216.3555,22.784861583844624,195.84,0.0,0.0,0.0,0.0,0.0,-0.003010267825753532,0.0920982787542004
MTR-00255,ZONE-07,residential,10,17.139333333333333,17.351,1.9463879064443814,15.01,0.0,0.0,0.0,0.0,0.0,-0.012349760784161168,0.12423664864444361
MTR-00256,ZONE-02,residential,5,23.09916666666667,23.620833333333334,2.4495595842646374,19.62,0.0,0.0,0.0,0.0,0.0,-0.02258378729391386,0.15061870918864317
MTR-00257,ZONE-07,commercial,50,90.88383333333333,92.07283333333334,10.40157366757092,78.86,0.0,0.0,0.0,1.0,1.0,-0.013082634792033199,0.13229892371763952
MTR-00258,ZONE-02,residential,10,18.464833333333335,18.727083333333333,2.1369602206390828,18.012142857142855,0.0,1.0,0.0,0.0,1.0,-0.014202673550623102,0.02451635863797741
MTR-00259,ZONE-02,residential,10,8.0315,8.020833333333334,0.9157855454559798,5.72,0.0,1.0,0.0,0.0,1.0,0.0013281039241319625,0.287804270684181
MTR-00260,ZONE-06,commercial,50,68.44666666666667,50.5125,22.94019056758924,23.889999999999997,1.0,0.0,1.0,3.0,5.0,0.26201665530339924,0.6509691243790787
MTR-00261,ZONE-08,residential,5,16.920666666666666,17.24416666666667,1.8820258097219025,14.67,0.0,0.0,1.0,0.0,1.0,-0.019118632047594897,0.13301288365312636
MTR-00262,ZONE-02,residential,15,9.468,9.558666666666666,1.0327876394125026,8.27,0.0,0.0,0.0,0.0,0.0,-0.009576116039994309,0.12653147444021973
MTR-00263,ZONE-03,industrial,100,260.74983333333336,268.67216666666667,28.084052120401054,250.63785714285714,0.0,0.0,0.0,0.0,0.0,-0.030382889346685316,0.03878037451149363
MTR-00264,ZONE-10,industrial,150,322.83116666666666,331.18441666666666,38.21182279527548,295.03,1.0,0.0,0.0,0.0,1.0,-0.025874980059236385,0.08611673697345423
MTR-00265,ZONE-10,residential,5,18.480999999999998,18.834166666666665,2.0811275157218683,17.44,0.0,0.0,0.0,0.0,0.0,-0.019109716285193867,0.05632812077268534
MTR-00266,ZONE-06,commercial,75,60.940333333333335,60.56408333333333,6.363040932523032,57.945,0.0,0.0,0.0,0.0,0.0,0.006174071906400402,0.0491519026807643
MTR-00267,ZONE-05,commercial,50,79.352,81.50166666666668,8.67954093327089,76.83285714285715,0.0,0.0,0.0,0.0,0.0,-0.027090264475585712,0.03174643181196257
MTR-00268,ZONE-04,residential,10,13.104666666666667,13.241083333333334,1.3766844813044223,12.47,0.0,0.0,1.0,0.0,1.0,-0.010409777687337973,0.04843058452459681
MTR-00269,ZONE-07,residential,15,10.095,10.205083333333333,0.9682653603859065,9.770714285714286,0.0,0.0,0.0,0.0,0.0,-0.010904738319299945,0.03212339913677209
MTR-00270,ZONE-06,residential,5,21.034333333333333,21.458666666666666,2.1616986525475212,19.48,0.0,0.0,0.0,1.0,1.0,-0.020173367351789873,0.07389506045671357
MTR-00271,ZONE-03,commercial,50,112.7085,111.51183333333333,12.196164570228202,106.065,0.0,0.0,0.0,0.0,0.0,0.01061735953070686,0.05894409028600334
MTR-00272,ZONE-01,industrial,100,395.2691666666667,400.344,41.538769364728836,367.5757142857143,0.0,0.0,0.0,1.0,1.0,-0.012838930433480833,0.0700622631775033
MTR-00273,ZONE-02,residential,15,12.910166666666667,13.1165,1.3338619295334966,12.19,0.0,0.0,0.0,0.0,0.0,-0.015982236222098933,0.05578291010960357
MTR-00274,ZONE-10,commercial,50,49.16716666666667,49.62991666666667,5.186927086246654,47.57571428571429,0.0,0.0,0.0,0.0,0.0,-0.00941176869387772,0.0323681938343483
MTR-00275,ZONE-05,industrial,100,332.07099999999997,325.4388333333334,31.004365243843825,276.59,0.0,0.0,1.0,0.0,1.0,0.01997213447324997,0.1670757157354903
MTR-00276,ZONE-05,industrial,150,205.105,209.204,23.862652314069887,180.98,0.0,0.0,0.0,0.0,0.0,-0.019984885790205187,0.11762268106579554
MTR-00277,ZONE-05,residential,10,14.703,12.558666666666666,3.815636324418784,7.599285714285714,0.0,0.0,0.0,0.0,0.0,0.1458432519440478,0.4831472682931569
MTR-00278,ZONE-08,residential,15,11.600833333333332,11.871083333333333,1.3566058708392494,11.133571428571429,1.0,0.0,0.0,0.0,1.0,-0.023295740248545416,0.040278305129967995
MTR-00279,ZONE-01,residential,5,18.4995,19.018166666666666,2.214204329398019,18.397142857142857,1.0,0.0,0.0,0.0,1.0,-0.02803679378721946,0.005532968072496258
MTR-00280,ZONE-01,industrial,200,321.37466666666666,320.42466666666667,32.99975242925554,295.68,0.0,0.0,0.0,0.0,0.0,0.0029560512963062724,0.07995237127174504
MTR-00281,ZONE-03,industrial,200,206.81383333333332,206.53516666666667,22.38495773382425,198.12000000000003,0.0,1.0,1.0,0.0,2.0,0.0013474275979281636,0.04203700107101127
MTR-00282,ZONE-05,commercial,50,44.07899999999999,45.745250000000006,4.79595259375159,44.11125,0.0,0.0,0.0,2.0,2.0,-0.03780144740125713,-0.000731640917443821
MTR-00283,ZONE-07,residential,10,20.531166666666664,20.707333333333334,2.3677989400978054,16.18,0.0,0.0,0.0,0.0,0.0,-0.008580450859262845,0.2119298302580629
MTR-00284,ZONE-05,residential,15,19.65583333333333,14.369333333333334,3.7052891410857027,11.700714285714286,0.0,1.0,0.0,2.0,3.0,0.26895323695255846,0.40472051796086217
MTR-00285,ZONE-05,residential,10,15.975666666666665,15.85225,1.7347949107467833,14.05,0.0,0.0,0.0,0.0,0.0,0.0077252905460386545,0.12053748409038734
MTR-00286,ZONE-10,residential,5,21.1115,21.368083333333335,2.366069781617733,18.36,1.0,0.0,0.0,0.0,1.0,-0.012153723484041201,0.13033180967719016
MTR-00287,ZONE-02,residential,15,10.580666666666668,10.934416666666667,1.1849439201234524,9.5,0.0,0.0,0.0,0.0,0.0,-0.033433621069875796,0.10213597126835117
MTR-00288,ZONE-06,commercial,25,102.51716666666667,104.47233333333334,11.677554907918479,97.83214285714287,0.0,0.0,0.0,1.0,1.0,-0.019071602642159124,0.0456998955575616
MTR-00289,ZONE-06,residential,5,11.078833333333334,11.288333333333332,1.29058994609581,10.67,0.0,0.0,0.0,0.0,0.0,-0.018909933356400233,0.03690220089359597
MTR-00290,ZONE-05,residential,10,19.516666666666666,19.69516666666667,2.225856074885894,18.897142857142857,0.0,0.0,0.0,0.0,0.0,-0.009146029035012937,0.03174332072709529
MTR-00291,ZONE-09,residential,5,8.346833333333333,8.310416666666667,0.8931074971136223,7.01,0.0,0.0,0.0,0.0,0.0,0.0043629320500787605,0.16016053992532098
MTR-00292,ZONE-03,residential,15,12.875666666666666,8.304499999999999,2.795444328116129,6.51357142857143,0.0,0.0,0.0,0.0,0.0,0.35502368809382046,0.49411773407941884
MTR-00293,ZONE-10,commercial,50,69.22666666666667,70.00225,7.272712607856204,57.95,0.0,0.0,1.0,0.0,1.0,-0.011203534283513061,0.16289483821263484
MTR-00294,ZONE-04,industrial,200,378.52900000000005,389.7933333333333,40.94292437067007,348.79,0.0,0.0,1.0,0.0,1.0,-0.029758177929123608,0.0785646542272852
MTR-00295,ZONE-06,residential,15,9.560333333333334,9.629916666666666,1.0308978674753704,9.25357142857143,1.0,0.0,0.0,0.0,1.0,-0.007278337575398197,0.0320869465599426
MTR-00296,ZONE-06,residential,10,22.256166666666665,22.59416666666667,2.434724143031621,19.65,0.0,0.0,0.0,0.0,0.0,-0.015186802159701251,0.11709863183986458
MTR-00297,ZONE-09,industrial,100,155.523,158.91683333333333,16.937084268001993,148.9792857142857,0.0,0.0,0.0,0.0,0.0,-0.02182206704688916,0.04207554050342577
MTR-00298,ZONE-05,residential,15,22.92366666666667,22.902333333333335,2.6531173145177434,17.72,0.0,0.0,0.0,0.0,0.0,0.0009306248273255324,0.2269997528027804
MTR-00299,ZONE-03,residential,10,10.553333333333335,10.786249999999999,1.1190377487794043,9.59,0.0,0.0,0.0,0.0,0.0,-0.022070435881238026,0.09128237523689209
MTR-00300,ZONE-01,residential,5,9.558666666666666,9.512166666666667,1.0648487353289442,8.65,0.0,0.0,0.0,1.0,1.0,0.004864695215511028,0.09506207281350243
MTR-00301,ZONE-04,residential,15,13.037,13.059,1.4287200594949867,12.161428571428571,0.0,0.0,0.0,0.0,0.0,-0.0016875047940476673,0.06716049923843137
MTR-00302,ZONE-09,residential,10,12.871166666666666,13.130083333333333,1.3872453181860556,12.66,0.0,0.0,0.0,0.0,0.0,-0.02011602159866377,0.01640617918603593
MTR-00303,ZONE-01,residential,15,15.763833333333334,16.209666666666667,1.7666556418449944,15.544285714285715,0.0,0.0,0.0,0.0,0.0,-0.0282820379983717,0.013927298925660136
MTR-00304,ZONE-09,industrial,200,280.0921666666666,279.9565,28.586890268269546,267.46,0.0,0.0,0.0,0.0,0.0,0.0004843643729175451,0.045100035524020865
MTR-00305,ZONE-06,commercial,25,61.26883333333333,62.84316666666667,7.352194777018338,58.949285714285715,0.0,0.0,0.0,1.0,1.0,-0.025695500431159868,0.03785852435655357
MTR-00306,ZONE-02,commercial,25,75.39566666666666,77.39283333333333,7.748328763510943,73.87285714285714,0.0,0.0,0.0,0.0,0.0,-0.02648914393842272,0.020197573562709348
MTR-00307,ZONE-04,residential,5,16.12816666666667,16.3015,1.7391428633552972,15.520714285714288,0.0,0.0,0.0,0.0,0.0,-0.01074724343539768,0.03766406892407992
MTR-00308,ZONE-06,residential,5,21.531333333333336,21.7805,2.583181170182069,20.05,0.0,0.0,0.0,0.0,0.0,-0.0115722822553177,0.06879895965569571
MTR-00309,ZONE-04,residential,10,14.596333333333332,14.677,1.6569642181314805,9.87,0.0,0.0,0.0,0.0,0.0,-0.0055265020895658434,0.32380278152047315
MTR-00310,ZONE-02,industrial,150,154.14116666666666,154.364,16.639357029433008,131.14,0.0,0.0,0.0,0.0,0.0,-0.001445644522823919,0.14922143878933491
MTR-00311,ZONE-07,residential,10,12.233,12.325166666666666,1.4046411565632997,10.68,0.0,0.0,0.0,0.0,0.0,-0.007534265238834825,0.12695168805689538
MTR-00312,ZONE-07,industrial,100,328.76599999999996,328.5870833333333,34.54102258187213,263.95,0.0,0.0,0.0,0.0,0.0,0.0005442067204841639,0.1971493402602459
MTR-00313,ZONE-02,commercial,75,101.10083333333334,103.34224999999999,10.853699323852904,98.25642857142857,0.0,0.0,0.0,0.0,0.0,-0.022170110698065404,0.028134335476015848
MTR-00314,ZONE-03,residential,15,16.629166666666666,16.812833333333334,1.7763053826200408,15.49,0.0,0.0,1.0,0.0,1.0,-0.011044850914557758,0.06850413430217983
MTR-00315,ZONE-03,commercial,75,42.051500000000004,43.00208333333333,4.820338196551324,37.74,0.0,0.0,0.0,0.0,0.0,-0.02260521820466166,0.10252904177021038
MTR-00316,ZONE-07,industrial,100,157.09416666666667,105.10766666666667,29.580242973000345,87.7057142857143,0.0,0.0,1.0,0.0,1.0,0.3309257186507031,0.4416997387826985
MTR-00317,ZONE-08,residential,15,15.546166666666666,15.95775,1.6776591647617953,15.219285714285716,0.0,0.0,0.0,0.0,0.0,-0.02647490806951347,0.021026466484617923
MTR-00318,ZONE-08,residential,10,8.031833333333333,8.2165,1.021839377928701,7.23,0.0,1.0,0.0,0.0,1.0,-0.022991844950301932,0.09983191882301667
MTR-00319,ZONE-10,commercial,25,39.67783333333333,40.537,4.3707137659116295,34.06,0.0,0.0,0.0,0.0,0.0,-0.0216535681131782,0.14158619212238566
MTR-00320,ZONE-08,industrial,200,153.90716666666668,156.08066666666667,17.80097215423512,106.09,0.0,0.0,0.0,0.0,0.0,-0.014122149390920713,0.3106883695041276
MTR-00321,ZONE-04,residential,5,22.8165,22.60225,2.373900970834237,19.91,0.0,0.0,0.0,0.0,0.0,0.009390134332610156,0.1273858830232507
MTR-00322,ZONE-02,commercial,75,104.89216666666667,106.54275,11.529956376960923,86.29,0.0,0.0,0.0,0.0,0.0,-0.015736001894008478,0.1773456232035121
MTR-00323,ZONE-07,residential,10,17.86433333333333,18.361416666666667,2.1744993805523167,16.42,0.0,0.0,0.0,0.0,0.0,-0.02782546228052185,0.0808501110219616
MTR-00324,ZONE-10,commercial,75,78.46633333333332,63.47808333333333,19.563362872567534,42.36642857142858,1.0,1.0,0.0,1.0,3.0,0.19101504254478563,0.4600687100867644
MTR-00325,ZONE-10,commercial,75,89.72466666666666,91.97891666666666,9.539872521375198,86.5307142857143,0.0,0.0,0.0,0.0,0.0,-0.025124083306708567,0.0355972610387969
MTR-00326,ZONE-03,residential,5,11.368,11.333166666666667,1.1821736022134433,9.28,0.0,0.0,0.0,0.0,0.0,0.0030641566971616463,0.1836734693877552
MTR-00327,ZONE-03,commercial,25,108.19383333333333,110.4125,12.418858744707922,103.26642857142858,0.0,0.0,0.0,0.0,0.0,-0.0205064059411888,0.04554238083721429
MTR-00328,ZONE-01,industrial,100,358.41133333333335,360.22099999999995,44.0129693338206,283.57,0.0,1.0,0.0,0.0,1.0,-0.005049133490942159,0.20881408139995583
MTR-00329,ZONE-02,industrial,100,181.05583333333334,186.0413333333333,20.39181648897145,178.8385714285714,0.0,0.0,0.0,0.0,0.0,-0.027535704916070936,0.012246288141845363
MTR-00330,ZONE-06,residential,10,22.396833333333333,22.944416666666665,2.6545362461403363,20.03,0.0,0.0,1.0,0.0,1.0,-0.02444914087557004,0.10567714185785193
MTR-00331,ZONE-06,residential,10,18.903166666666667,18.827083333333334,1.8503960038728073,17.74,0.0,0.0,0.0,0.0,0.0,0.004024898826475276,0.06153290013137136
MTR-00332,ZONE-04,residential,15,20.540833333333335,20.562333333333335,2.211547514516382,19.1875,0.0,0.0,1.0,0.0,1.0,-0.0010466956063126531,0.0658850257616943
MTR-00333,ZONE-04,residential,10,10.4775,10.665583333333334,1.1501068973578672,9.57,1.0,0.0,0.0,0.0,1.0,-0.017951165195259744,0.0866141732283463
MTR-00334,ZONE-09,residential,15,15.566,15.630416666666667,1.8766398524635308,14.3,0.0,1.0,0.0,0.0,1.0,-0.0041382928605078195,0.08133110625722728
MTR-00335,ZONE-05,industrial,150,213.2955,214.48783333333333,24.081041784303416,175.76,0.0,0.0,0.0,0.0,0.0,-0.005590053861114441,0.17597886500184023
MTR-00336,ZONE-09,commercial,25,76.12133333333333,77.37525000000001,7.922264335774358,62.34,0.0,0.0,0.0,0.0,0.0,-0.01647260513916393,0.18104429770016273
MTR-00337,ZONE-10,industrial,150,373.9026666666667,380.4398333333333,42.174843112554996,348.0992857142857,0.0,0.0,0.0,0.0,0.0,-0.0174836053589702,0.06901095726975548
MTR-00338,ZONE-04,residential,5,20.968166666666665,21.385166666666667,2.2721196498162755,20.64,0.0,1.0,0.0,0.0,1.0,-0.0198872894625981,0.015650708613851094
MTR-00339,ZONE-03,residential,15,20.601,20.901583333333335,2.366262874871936,19.45,0.0,0.0,0.0,0.0,0.0,-0.014590715661052078,0.05587107421969806
MTR-00340,ZONE-10,industrial,100,268.996,270.82908333333336,27.27701211476367,223.25,0.0,0.0,0.0,0.0,0.0,-0.0068145375148083165,0.17006200835700158
MTR-00341,ZONE-07,residential,10,9.692833333333335,9.952333333333334,1.0065948366975197,9.39,0.0,0.0,0.0,0.0,0.0,-0.026772357583781714,0.03124301459841472
MTR-00342,ZONE-03,commercial,25,52.94083333333333,44.42491666666667,11.675633680521875,31.337142857142855,0.0,0.0,0.0,3.0,3.0,0.16085724629696663,0.4080723539081139
MTR-00343,ZONE-07,industrial,150,274.7248333333334,281.83441666666664,29.901030919970484,243.78,0.0,0.0,0.0,0.0,0.0,-0.025878924912139167,0.11263937430726156
MTR-00344,ZONE-06,residential,10,19.374666666666666,19.15041666666667,1.9590485582295816,17.21,0.0,0.0,0.0,0.0,0.0,0.011574392677723422,0.11172665336177823
MTR-00345,ZONE-10,residential,5,21.613666666666667,22.5185,2.3954949489448247,20.25,2.0,0.0,0.0,0.0,2.0,-0.041863944109436835,0.06309279622461095
MTR-00346,ZONE-03,residential,15,21.986833333333333,21.832749999999997,2.243710523165746,20.423571428571428,1.0,0.0,0.0,0.0,1.0,0.007007982049863304,0.0710999115271369
MTR-00347,ZONE-10,residential,15,23.633666666666667,23.924,2.674637617800703,20.23,0.0,0.0,0.0,0.0,0.0,-0.012284735053102125,0.1440177148418217
MTR-00348,ZONE-10,residential,15,23.689833333333336,23.8445,2.4468329212551096,20.18,0.0,0.0,0.0,0.0,0.0,-0.006528820380050426,0.14815778920634037
MTR-00349,ZONE-02,industrial,100,332.8235,333.69725,35.985886144676876,320.21285714285716,0.0,0.0,0.0,0.0,0.0,-0.002625265343342509,0.037889881144639315
MTR-00350,ZONE-02,commercial,25,46.202666666666666,26.15716666666667,13.055980128463972,18.840714285714284,1.0,0.0,0.0,2.0,3.0,0.4338602389472469,0.5922158688016359
MTR-00351,ZONE-06,industrial,150,160.47466666666665,161.18283333333332,19.30536008571753,150.48642857142858,0.0,0.0,0.0,0.0,0.0,-0.0044129499152514295,0.06224183731121469
MTR-00352,ZONE-01,industrial,200,274.29133333333334,276.2535833333333,29.31951441799954,229.15,0.0,1.0,0.0,0.0,1.0,-0.007153889902949739,0.16457440628820452
MTR-00353,ZONE-03,industrial,200,186.246,186.08416666666665,21.328147480031454,172.18642857142854,0.0,0.0,0.0,0.0,0.0,0.0008689224645541671,0.07548925307695986
MTR-00354,ZONE-05,residential,15,9.9445,10.10825,1.1529579514514503,9.030000000000001,0.0,0.0,0.0,0.0,0.0,-0.016466388455930403,0.09196038010960816
MTR-00355,ZONE-10,residential,5,11.036666666666667,11.18075,1.2134388680747878,9.09,0.0,0.0,2.0,0.0,2.0,-0.01305496828752628,0.17638175777710663
MTR-00356,ZONE-10,industrial,150,222.43883333333332,224.23116666666667,23.99531131312961,211.95,0.0,0.0,0.0,0.0,0.0,-0.008057645809746994,0.047153786846271584
MTR-00357,ZONE-02,residential,10,23.540333333333333,23.664166666666667,2.4337433847357643,21.51,0.0,0.0,0.0,0.0,0.0,-0.005260474929553505,0.08624913269424106
MTR-00358,ZONE-09,residential,5,19.591166666666666,19.804333333333332,2.1183959102332586,18.432142857142857,0.0,1.0,0.0,0.0,1.0,-0.010880754081346256,0.059160530316748616
MTR-00359,ZONE-01,commercial,50,106.275,105.57966666666667,11.641950725487455,92.62,0.0,0.0,0.0,1.0,1.0,0.006542774249196359,0.12848741472594682
MTR-00360,ZONE-08,industrial,100,278.7488333333333,284.7523333333333,31.214494955871704,267.69,0.0,0.0,0.0,0.0,0.0,-0.021537309872148747,0.03967311073947688
MTR-00361,ZONE-09,industrial,150,360.3138333333334,365.2554166666667,35.38143438280299,315.55,0.0,0.0,0.0,0.0,0.0,-0.013714664484618222,0.12423567787896017
MTR-00362,ZONE-09,industrial,200,365.02233333333334,366.46158333333335,40.95464827243727,318.3,0.0,0.0,0.0,0.0,0.0,-0.003942909429286212,0.12799856081865313
MTR-00363,ZONE-03,residential,10,10.791166666666667,10.912583333333334,1.1801278209030863,9.67,0.0,0.0,0.0,0.0,0.0,-0.011251486555361678,0.10389670563887132
MTR-00364,ZONE-09,commercial,50,89.64283333333333,90.26616666666668,10.728484365403695,83.05142857142857,0.0,0.0,0.0,0.0,0.0,-0.006953521103193028,0.07352963440362126
MTR-00365,ZONE-02,industrial,200,346.64816666666667,352.4769166666667,38.3712755353726,341.41142857142853,0.0,0.0,0.0,0.0,0.0,-0.016814599240632555,0.015106781453927964
MTR-00366,ZONE-06,commercial,50,74.0235,73.96716666666666,8.225977317567295,69.2492857142857,0.0,0.0,0.0,0.0,0.0,0.0007610195861225133,0.06449592745161059
MTR-00367,ZONE-05,industrial,150,346.48283333333336,357.80858333333333,36.42277637897284,308.01,0.0,0.0,0.0,1.0,1.0,-0.03268776663778916,0.11103820920420793
MTR-00368,ZONE-04,industrial,100,168.43883333333332,171.83133333333333,18.225599686198773,154.9,0.0,1.0,0.0,0.0,1.0,-0.020140842422521343,0.0803783371411777
MTR-00369,ZONE-01,residential,15,15.365166666666665,15.450999999999999,1.6847603624823317,12.99,0.0,0.0,0.0,1.0,1.0,-0.005586228590643394,0.1545812497966178
MTR-00370,ZONE-08,residential,10,13.006333333333334,12.925083333333333,1.3906826785161779,11.36,0.0,0.0,0.0,0.0,0.0,0.006246956610881926,0.12657935877393078
MTR-00371,ZONE-04,residential,15,15.021166666666666,15.178583333333334,1.736782157296868,14.059999999999999,0.0,0.0,0.0,0.0,0.0,-0.010479656484738253,0.06398748432767098
MTR-00372,ZONE-07,residential,10,23.144166666666667,23.15975,2.595643234830435,18.46,0.0,0.0,1.0,2.0,3.0,-0.0006733158103193748,0.20239081121952973
MTR-00373,ZONE-05,residential,10,9.577499999999999,9.672916666666667,1.1895987571787523,7.9,0.0,0.0,0.0,0.0,0.0,-0.009962585921865719,0.17515009135995807
MTR-00374,ZONE-04,residential,10,18.459833333333332,18.868333333333332,2.1252931911760746,18.12,0.0,0.0,0.0,0.0,0.0,-0.022129127204109755,0.0184093391959117
MTR-00375,ZONE-09,commercial,50,80.494,80.04025,8.310145006015741,67.35,0.0,0.0,0.0,1.0,1.0,0.005637066116729206,0.16329167391358368
MTR-00376,ZONE-01,residential,15,10.882666666666667,10.931000000000001,1.2629260409358694,9.34,0.0,0.0,0.0,0.0,0.0,-0.004441313403577674,0.14175447194315127
MTR-00377,ZONE-08,residential,15,16.965,16.695833333333333,1.914099205973431,15.27,0.0,0.0,1.0,0.0,1.0,0.01586599862461935,0.09991158267020339
MTR-00378,ZONE-08,commercial,75,58.9885,59.08975,6.739231492792438,40.25,0.0,0.0,0.0,0.0,0.0,-0.0017164362545241119,0.31766361239902696
MTR-00379,ZONE-04,residential,10,19.8995,19.91075,2.123134737468486,18.27,0.0,0.0,0.0,0.0,0.0,-0.0005653408377095381,0.0818864795597879
MTR-00380,ZONE-03,commercial,25,76.328,77.24116666666667,8.196053075865784,70.72,0.0,0.0,0.0,1.0,1.0,-0.011963717989029732,0.07347238234985853
MTR-00381,ZONE-01,residential,15,17.645666666666667,17.75433333333333,2.063316956442973,15.6,0.0,0.0,0.0,0.0,0.0,-0.006158263596350189,0.11593025672025237
MTR-00382,ZONE-10,industrial,150,355.49300000000005,356.62183333333337,41.039257347928064,315.54,0.0,0.0,0.0,0.0,0.0,-0.0031754024223635824,0.1123875856908576
MTR-00383,ZONE-10,residential,10,14.004,10.7165,4.343640313892323,5.75,0.0,0.0,0.0,1.0,1.0,0.23475435589831473,0.5894030277063695
MTR-00384,ZONE-03,residential,15,23.444333333333336,23.389916666666668,2.5946863918379033,22.31142857142857,0.0,0.0,0.0,0.0,0.0,0.0023211010478723093,0.04832318094940202
MTR-00385,ZONE-01,industrial,100,235.88833333333332,233.39908333333332,27.147596578573893,221.11,0.0,1.0,0.0,1.0,2.0,0.01055266262991672,0.0626497000699483
MTR-00386,ZONE-02,commercial,25,50.316833333333335,50.23066666666667,5.604219258862071,47.65571428571429,0.0,0.0,0.0,1.0,1.0,0.001712481906320229,0.05288725206512823
MTR-00387,ZONE-01,residential,10,10.816333333333334,10.90375,1.2918471320574436,9.68,0.0,0.0,0.0,0.0,0.0,-0.008081913156029463,0.10505716663071296
MTR-00388,ZONE-09,residential,5,9.322166666666668,9.529333333333334,1.1409473679177942,8.91,0.0,0.0,0.0,0.0,0.0,-0.02222301682369965,0.04421361271521296
MTR-00389,ZONE-09,residential,15,13.991000000000001,7.79575,1.8376028696980997,7.037142857142858,2.0,1.0,0.0,2.0,5.0,0.4428025159030806,0.4970235968020258
MTR-00390,ZONE-02,residential,15,13.230333333333334,13.211583333333333,1.4657851286656465,12.680000000000001,1.0,0.0,0.0,0.0,1.0,0.001417197853417651,0.041596331662089536
MTR-00391,ZONE-08,residential,5,18.2395,18.329833333333333,1.909211189718618,17.768571428571427,0.0,0.0,0.0,0.0,0.0,-0.0049526211427579625,0.025819160143017772
MTR-00392,ZONE-02,commercial,25,98.861,102.09091666666667,11.378875902290167,94.08,1.0,0.0,0.0,0.0,1.0,-0.03267129269041047,0.04836082985201451
MTR-00393,ZONE-04,residential,15,17.74866666666667,18.109583333333333,1.9202513822800544,17.16,0.0,0.0,0.0,0.0,0.0,-0.020334860834616553,0.033166810652443424
MTR-00394,ZONE-06,industrial,100,167.59333333333333,150.41625000000002,39.074338267325906,89.29714285714286,2.0,0.0,1.0,1.0,4.0,0.10249264091650412,0.4671796241468862
MTR-00395,ZONE-08,commercial,25,92.08449999999999,92.71025,10.671882042242101,80.0,0.0,0.0,0.0,0.0,0.0,-0.006795389017695719,0.13123272646319406
MTR-00396,ZONE-09,commercial,75,91.59533333333334,63.402166666666666,20.352808993393715,48.692142857142855,1.0,1.0,1.0,0.0,3.0,0.30780134359101274,0.46839930501761895
MTR-00397,ZONE-01,residential,10,15.591833333333334,16.137,1.712141319856414,12.69,0.0,0.0,0.0,0.0,0.0,-0.03496488546354404,0.18611238789537266
MTR-00398,ZONE-02,residential,10,23.1835,23.5125,2.8294255882888777,21.09,0.0,0.0,0.0,0.0,0.0,-0.014191127310371643,0.0903012918670606
MTR-00399,ZONE-03,residential,5,24.375333333333334,21.274749999999997,5.440452582894436,13.745000000000001,0.0,0.0,0.0,2.0,2.0,0.12720167929327475,0.436110275415037
MTR-00400,ZONE-04,commercial,50,99.15799999999999,101.57941666666667,10.920082440036742,95.89,0.0,0.0,1.0,0.0,1.0,-0.024419781224577886,0.03295750216825655
MTR-00401,ZONE-10,residential,15,21.719333333333335,21.96175,2.522249450374798,21.165714285714284,0.0,0.0,0.0,0.0,0.0,-0.01116133091868976,0.02548968880041058
MTR-00402,ZONE-08,residential,5,13.602333333333332,14.136833333333334,1.463478636635313,12.0,0.0,0.0,0.0,0.0,0.0,-0.039294728845541416,0.11779841693827031
MTR-00403,ZONE-04,residential,5,8.745666666666667,8.792499999999999,0.9387066464381874,7.73,0.0,0.0,0.0,0.0,0.0,-0.0053550329687082066,0.11613370431070624
MTR-00404,ZONE-10,industrial,150,297.14883333333336,300.45300000000003,33.38314025236759,284.42,0.0,0.0,0.0,0.0,0.0,-0.011119568027918802,0.04283655833524502
MTR-00405,ZONE-05,residential,5,10.088166666666666,10.14525,1.099925102492182,9.594999999999999,0.0,0.0,1.0,0.0,1.0,-0.0056584447124519155,0.04888565811429235
MTR-00406,ZONE-06,commercial,25,74.432,74.11541666666668,8.359133373101526,67.25,0.0,0.0,0.0,0.0,0.0,0.0042533229435367526,0.09649075666380058
MTR-00407,ZONE-05,residential,10,21.016833333333334,21.74975,2.4611941019681938,18.84,0.0,0.0,1.0,1.0,2.0,-0.03487284002505908,0.10357570518869796
MTR-00408,ZONE-02,residential,15,24.102,24.233333333333334,2.682370497264283,20.27,1.0,0.0,0.0,0.0,1.0,-0.005449063701491008,0.15899095510745997
MTR-00409,ZONE-10,residential,5,11.828,11.621749999999999,1.322585107108884,9.26,0.0,0.0,0.0,0.0,0.0,0.01743743659113972,0.21711193777477167
MTR-00410,ZONE-01,residential,5,18.198833333333333,18.76875,2.0048296989641634,17.99,0.0,0.0,0.0,0.0,0.0,-0.03131611000705181,0.011475094557343524
MTR-00411,ZONE-02,commercial,25,97.77950000000001,100.81275000000001,11.145387783497613,82.19,1.0,0.0,0.0,0.0,1.0,-0.03102132860159834,0.15943525994712604
MTR-00412,ZONE-03,residential,10,21.63083333333333,21.9105,2.3528844625517937,18.83,0.0,0.0,0.0,0.0,0.0,-0.012929075008668134,0.1294833763531995
MTR-00413,ZONE-03,residential,5,22.807000000000002,23.395249999999997,2.644395361463768,20.09,0.0,0.0,0.0,0.0,0.0,-0.025792519840399653,0.11913009163853217
MTR-00414,ZONE-02,industrial,150,348.98566666666665,351.2400833333333,35.49284514230323,306.34,2.0,0.0,0.0,0.0,2.0,-0.006459911916153249,0.12219890597226057
MTR-00415,ZONE-01,residential,10,24.510333333333335,24.61075,2.5623433873026813,21.36,0.0,0.0,0.0,1.0,1.0,-0.00409691150671132,0.12853082373420743
MTR-00416,ZONE-07,residential,15,24.230666666666664,24.65575,2.7198889814528404,19.92,0.0,0.0,0.0,0.0,0.0,-0.01754319595003584,0.17790128212182899
MTR-00417,ZONE-10,residential,10,14.395666666666667,14.507833333333334,1.5509022493744875,12.88,0.0,0.0,0.0,0.0,0.0,-0.007791696575358387,0.10528631301085967
MTR-00418,ZONE-02,commercial,50,109.73716666666665,110.63158333333332,11.978963844294428,98.19,0.0,0.0,0.0,0.0,0.0,-0.00815053544605826,0.10522566799762456
MTR-00419,ZONE-03,residential,15,8.633166666666666,8.649833333333333,0.8960773369735083,7.24,0.0,0.0,0.0,0.0,0.0,-0.0019305391995985133,0.16137377169443412
MTR-00420,ZONE-06,commercial,50,93.45716666666667,95.45700000000001,10.842955084200211,87.45,0.0,0.0,0.0,0.0,0.0,-0.021398394629982054,0.06427721790552887
MTR-00421,ZONE-10,industrial,100,355.47366666666665,365.80575000000005,38.54770140314966,321.91,0.0,0.0,0.0,0.0,0.0,-0.029065678564094588,0.09441955850456796
MTR-00422,ZONE-07,residential,15,8.092333333333334,8.336583333333333,0.9524859079072535,7.59,0.0,0.0,0.0,0.0,0.0,-0.030182889154343417,0.062075215224286495
MTR-00423,ZONE-08,residential,10,19.120166666666666,19.324749999999998,2.1683200182815887,16.9,0.0,0.0,0.0,0.0,0.0,-0.010699871863041555,0.11611649131370894
MTR-00424,ZONE-06,residential,15,16.747666666666667,16.90683333333333,1.761658874128451,15.741428571428571,0.0,1.0,0.0,0.0,1.0,-0.009503811476225366,0.060082285805272195
MTR-00425,ZONE-05,residential,5,7.891666666666667,7.998333333333333,0.8892205380366034,5.91,0.0,0.0,0.0,0.0,0.0,-0.013516367476240632,0.25110876451953534
MTR-00426,ZONE-02,industrial,150,325.07399999999996,334.05383333333333,35.10221667408162,307.15,0.0,0.0,0.0,0.0,0.0,-0.02762396664554334,0.055138214683425835
MTR-00427,ZONE-09,residential,15,12.021166666666666,12.094916666666668,1.380047493905255,9.55,0.0,0.0,0.0,0.0,0.0,-0.006135011854090822,0.20556795652113624
MTR-00428,ZONE-09,residential,15,13.772833333333333,14.155750000000001,1.601043600044576,13.05,0.0,0.0,1.0,0.0,1.0,-0.027802316153781037,0.05248254413882392
MTR-00429,ZONE-01,residential,5,17.033833333333334,17.437416666666664,1.8758458017621797,16.685,0.0,0.0,0.0,0.0,0.0,-0.02369304227860214,0.02047885091435686
MTR-00430,ZONE-08,residential,15,18.951166666666666,19.303833333333333,2.0339129747350344,16.43,0.0,0.0,0.0,0.0,0.0,-0.018609232501077377,0.13303490550273944
MTR-00431,ZONE-01,residential,10,8.933333333333334,8.921166666666666,0.926591461591719,7.07,0.0,1.0,0.0,0.0,1.0,0.001361940298507558,0.20858208955223878
MTR-00432,ZONE-08,commercial,50,59.222,59.568916666666674,6.634324393716695,57.14071428571429,0.0,0.0,0.0,0.0,0.0,-0.0058579019058233595,0.035143793088475817
MTR-00433,ZONE-09,residential,5,15.285833333333333,15.641916666666667,1.7294761901098439,14.24,1.0,0.0,0.0,0.0,1.0,-0.023294989914408815,0.06841847026113501
MTR-00434,ZONE-02,commercial,75,110.22483333333334,110.88625,12.451110919522483,103.49428571428572,0.0,0.0,0.0,0.0,0.0,-0.006000613896747442,0.0610619895309219
MTR-00435,ZONE-05,residential,5,24.341166666666666,24.500083333333336,2.7418516395248793,23.32,0.0,0.0,0.0,0.0,0.0,-0.0065287202065089645,0.041952248248851354
MTR-00436,ZONE-02,industrial,150,155.16049999999998,157.65225,14.83577849209089,121.16,0.0,0.0,0.0,0.0,0.0,-0.016059177432400817,0.21913115773666614
MTR-00437,ZONE-06,residential,10,9.560166666666667,9.56275,1.0465581544225024,8.14,0.0,0.0,1.0,0.0,1.0,-0.0002702184411009778,0.14855040881435122
MTR-00438,ZONE-10,residential,10,15.893,15.892,1.8271323906901888,14.386666666666665,0.0,1.0,0.0,0.0,1.0,6.29207827346212e-05,0.09477967239245799
MTR-00439,ZONE-01,residential,5,18.13516666666667,18.109666666666666,1.9117596862679203,16.914285714285715,0.0,0.0,0.0,0.0,0.0,0.0014061078383621473,0.06732118732743686
MTR-00440,ZONE-04,residential,15,17.194000000000003,17.315166666666666,1.7758075371400992,16.43357142857143,0.0,0.0,0.0,1.0,1.0,-0.007047031910356161,0.04422639126605632
MTR-00441,ZONE-10,commercial,25,55.489333333333335,40.071416666666664,16.976826137628986,22.385714285714283,0.0,0.0,0.0,0.0,0.0,0.2778537016123219,0.5965762617611623
MTR-00442,ZONE-04,residential,10,9.542166666666667,9.525916666666665,1.0697148727411367,8.93,0.0,0.0,1.0,0.0,1.0,0.0017029675300859193,0.06415384346671793
MTR-00443,ZONE-02,industrial,100,207.03233333333336,209.22433333333336,21.88648248390333,196.15499999999997,0.0,0.0,0.0,0.0,0.0,-0.010587718182506256,0.05253929740443142
MTR-00444,ZONE-05,residential,10,15.215499999999999,15.164083333333334,1.5361282202223834,13.95,0.0,0.0,0.0,0.0,0.0,0.0033792295137632378,0.08317176563372874
MTR-00445,ZONE-06,residential,5,15.341333333333333,15.342666666666666,1.740606835808347,12.85,0.0,0.0,1.0,0.0,1.0,-8.691117677739335e-05,0.1623935338084478
MTR-00446,ZONE-07,residential,5,14.584833333333334,8.801083333333334,1.5234981836832864,8.028571428571428,2.0,0.0,1.0,1.0,4.0,0.3965592110525774,0.4495260079371428
MTR-00447,ZONE-04,industrial,200,160.913,131.11483333333334,36.830709601090895,91.285,3.0,0.0,0.0,1.0,4.0,0.185181847747955,0.4327058721172311
MTR-00448,ZONE-10,residential,15,9.598666666666666,9.670250000000001,1.0898542516850434,8.27,0.0,0.0,0.0,0.0,0.0,-0.00745763300458413,0.13842200305598007
MTR-00449,ZONE-06,industrial,200,385.2355,387.63649999999996,41.766437747321,340.44,0.0,0.0,0.0,0.0,0.0,-0.006232551257607133,0.11628082043321553
MTR-00450,ZONE-03,residential,5,15.363,15.90275,1.8454358700372568,14.67,0.0,0.0,0.0,1.0,1.0,-0.035133112022391444,0.04510837727006445
MTR-00451,ZONE-10,residential,5,20.030666666666665,20.2695,2.305991775186306,15.36,0.0,1.0,0.0,0.0,1.0,-0.011923384144312266,0.23317579711109626
MTR-00452,ZONE-10,residential,5,12.663333333333332,12.896583333333332,1.5245919668114827,10.78,0.0,0.0,0.0,0.0,0.0,-0.01841932087391429,0.14872334824953937
MTR-00453,ZONE-05,commercial,25,94.48016666666668,98.60275,11.121915073176831,88.15,0.0,1.0,0.0,0.0,1.0,-0.04363437829103445,0.06699995237095624
MTR-00454,ZONE-01,residential,5,8.573,5.745583333333333,1.832270848860897,4.694999999999999,1.0,1.0,0.0,1.0,3.0,0.3298048135619581,0.45235040242622193
MTR-00455,ZONE-06,commercial,75,112.13799999999999,111.77199999999999,12.784851106490294,85.22,0.0,0.0,0.0,0.0,0.0,0.003263835631097445,0.2400435178084146
MTR-00456,ZONE-06,commercial,50,39.8205,39.14033333333334,4.330175328476912,33.99,0.0,0.0,0.0,0.0,0.0,0.017080816832201084,0.14641955776547255
MTR-00457,ZONE-02,residential,15,11.584166666666667,11.288333333333332,1.1620471166869957,10.43,0.0,0.0,0.0,0.0,0.0,0.02553773109848223,0.09963311991943025
MTR-00458,ZONE-07,commercial,50,106.34416666666667,107.85408333333334,9.877363773752974,102.38,0.0,0.0,0.0,0.0,0.0,-0.014198396715068284,0.0372767664736352
MTR-00459,ZONE-09,industrial,150,252.24316666666667,252.89600000000002,25.860067701237845,217.2,0.0,0.0,0.0,0.0,0.0,-0.002588111075357835,0.13892612882146138
MTR-00460,ZONE-02,residential,10,11.304499999999999,11.195583333333333,1.0480271949718485,10.46142857142857,0.0,0.0,0.0,0.0,0.0,0.009634806198121626,0.07457839166450786
MTR-00461,ZONE-08,residential,15,17.917166666666667,18.380083333333335,1.9077138836588579,14.11,0.0,0.0,0.0,0.0,0.0,-0.025836488284048054,0.21248709338344052
MTR-00462,ZONE-02,residential,5,22.5165,22.676416666666668,2.4316397606903677,21.0,0.0,0.0,0.0,0.0,0.0,-0.007102199128046882,0.06735060955299454
MTR-00463,ZONE-08,industrial,150,187.27383333333333,191.05258333333333,20.40395061828306,179.32642857142855,0.0,1.0,0.0,0.0,1.0,-0.020177672089800813,0.04243734760188833
MTR-00464,ZONE-05,residential,5,8.956,9.001333333333333,0.9107120986407529,8.06,0.0,1.0,0.0,0.0,1.0,-0.005061783534315856,0.10004466279589097
MTR-00465,ZONE-01,industrial,150,341.185,266.8969166666667,69.11938378474527,212.56857142857143,2.0,0.0,0.0,0.0,2.0,0.2177354905207829,0.3769697629480445
MTR-00466,ZONE-10,residential,5,10.544666666666666,10.6805,1.2308853478272457,9.02,0.0,0.0,0.0,0.0,0.0,-0.01288170955301271,0.14459126256559396
MTR-00467,ZONE-02,commercial,50,71.615,73.3235,7.449830819803731,70.38714285714285,0.0,0.0,0.0,0.0,0.0,-0.023856733924457085,0.01714525089516372
MTR-00468,ZONE-06,residential,10,17.928333333333335,18.444916666666664,2.1711155773334725,15.1,0.0,0.0,0.0,1.0,1.0,-0.028813795667936848,0.1577577391466023
MTR-00469,ZONE-02,industrial,100,383.55916666666667,222.38716666666667,89.43570818072119,168.74857142857144,0.0,1.0,0.0,1.0,2.0,0.420201142370473,0.560045525974294
MTR-00470,ZONE-10,residential,5,13.470333333333334,13.581916666666666,1.596117293047496,11.09,1.0,0.0,0.0,0.0,1.0,-0.008283635643760334,0.17670931182103888
MTR-00471,ZONE-08,residential,15,18.379166666666666,18.768083333333333,2.106615149464938,14.97,0.0,0.0,0.0,1.0,1.0,-0.021160734527318148,0.1854908184085241
MTR-00472,ZONE-09,residential,15,15.838,10.470583333333334,2.2011090771399284,9.263571428571428,1.0,0.0,0.0,0.0,1.0,0.33889485204360814,0.4151047210145581
MTR-00473,ZONE-05,residential,10,13.096833333333333,13.094916666666668,1.2417160772602616,11.3,0.0,0.0,0.0,1.0,1.0,0.00014634580878314374,0.13719601430371198
MTR-00474,ZONE-05,residential,5,16.708000000000002,17.472166666666666,2.0365493073413403,16.03,0.0,0.0,1.0,1.0,2.0,-0.04573657329822023,0.04057936317931532
MTR-00475,ZONE-07,residential,15,16.4355,16.820666666666668,1.7209332690510137,13.69,0.0,0.0,0.0,0.0,0.0,-0.023435044061127952,0.16704694107267815
MTR-00476,ZONE-08,residential,5,9.401166666666667,6.0207500000000005,0.6413905095293243,5.6899999999999995,1.0,1.0,0.0,1.0,3.0,0.3595741663268742,0.394755970003723
MTR-00477,ZONE-09,residential,10,8.717333333333332,8.65825,0.9788302592740932,7.72,0.0,0.0,0.0,0.0,0.0,0.006777684307127441,0.11440807586417856
MTR-00478,ZONE-01,residential,10,16.07616666666667,8.28575,2.5160007823875574,7.285714285714286,0.0,2.0,1.0,2.0,5.0,0.4845941714961072,0.5468002766591775
MTR-00479,ZONE-07,residential,5,9.274166666666668,9.370416666666667,1.0633768914008173,8.24,0.0,0.0,1.0,1.0,2.0,-0.010378290951567948,0.11151046814628451
MTR-00480,ZONE-02,residential,10,23.101166666666664,23.66075,2.5619809701862817,20.82,0.0,0.0,0.0,0.0,0.0,-0.024223163332299347,0.0987468165388471
MTR-00481,ZONE-03,residential,5,21.375666666666667,21.611833333333333,2.3858736867863977,18.15,0.0,1.0,0.0,0.0,1.0,-0.011048388354359284,0.15090367551889228
MTR-00482,ZONE-09,commercial,50,62.538,61.4065,6.333752276428221,54.49,0.0,0.0,0.0,1.0,1.0,0.018092999456330472,0.1286897566279701
MTR-00483,ZONE-03,residential,5,17.0775,17.737833333333334,2.0155084365249087,14.6,0.0,0.0,0.0,0.0,0.0,-0.03866686185526769,0.1450739276826234
MTR-00484,ZONE-08,commercial,75,78.30833333333334,80.98866666666666,8.67882596069436,68.24,0.0,0.0,0.0,0.0,0.0,-0.03422794508885807,0.12857294881345116
MTR-00485,ZONE-05,residential,10,12.565499999999998,8.29525,1.9133331216632878,7.381428571428571,1.0,1.0,0.0,0.0,2.0,0.3398392423699813,0.4125638795568365
MTR-00486,ZONE-03,commercial,75,107.166,109.532,12.25706193975367,96.93,0.0,1.0,0.0,0.0,1.0,-0.022077897840732996,0.09551536868036492
MTR-00487,ZONE-04,commercial,75,46.394666666666666,47.935249999999996,5.5403738857695926,44.52,1.0,1.0,0.0,0.0,2.0,-0.03320604379813763,0.040406943326819045
MTR-00488,ZONE-06,residential,5,10.103,10.164,1.0018700162255396,9.13,0.0,0.0,0.0,0.0,0.0,-0.006037810551321465,0.0963080273186181
MTR-00489,ZONE-08,residential,5,18.694333333333336,19.257333333333335,2.1540115919779423,17.24,0.0,0.0,0.0,0.0,0.0,-0.030116077955886666,0.07779541037391036
MTR-00490,ZONE-07,commercial,75,84.26166666666667,85.14658333333334,8.620542545252576,76.54,0.0,0.0,0.0,0.0,0.0,-0.010502007634946686,0.0916391399806159
MTR-00491,ZONE-10,residential,5,14.343833333333333,14.532583333333333,1.400782191955523,13.894999999999998,0.0,0.0,0.0,0.0,0.0,-0.013158964944285145,0.03129103098892683
MTR-00492,ZONE-09,residential,10,21.7075,21.43525,2.4492560909712275,19.74,0.0,0.0,0.0,0.0,0.0,0.012541748243694584,0.09063687665553388
MTR-00493,ZONE-08,residential,5,18.6415,19.03475,1.9724582463548983,17.3,0.0,0.0,0.0,0.0,0.0,-0.021095405412654422,0.07196309309873128
MTR-00494,ZONE-07,residential,5,16.1225,16.139666666666667,1.6988596933540703,13.82,0.0,0.0,0.0,0.0,0.0,-0.001064764562981324,0.14281283919987586
MTR-00495,ZONE-03,residential,10,21.926499999999997,22.319416666666665,2.51893678245517,20.28,0.0,0.0,0.0,0.0,0.0,-0.017919716629041016,0.07509178391444127
MTR-00496,ZONE-05,commercial,25,52.217999999999996,52.75625,5.417344082829216,49.95357142857143,0.0,0.0,0.0,0.0,0.0,-0.010307748286031648,0.04336490427493522
MTR-00497,ZONE-02,residential,10,18.481333333333335,18.440749999999998,2.187394045453181,17.434285714285714,1.0,0.0,0.0,0.0,1.0,0.002195909386047412,0.056654333329898
MTR-00498,ZONE-04,residential,15,9.864166666666668,10.132,1.0936774753866272,9.06,0.0,0.0,0.0,0.0,0.0,-0.0271521500380163,0.08152403480611647
MTR-00499,ZONE-10,industrial,100,351.1433333333333,348.11716666666666,40.314098107119726,300.84,1.0,0.0,0.0,0.0,1.0,0.008618038218011548,0.1432558404450225
MTR-00500,ZONE-05,residential,15,19.286166666666666,19.329250000000002,2.270408900535376,17.11,0.0,0.0,0.0,0.0,0.0,-0.0022338982172023236,0.11283562484336784
