meter_id,zone_id,drop_ratio,min_drop_ratio,total_alarms,anomaly_score,rule_flagged,ml_flagged,ensemble_flagged,is_fraud
MTR-00065,ZONE-05,0.4255159199661575,0.6103021793071612,8.0,0.22012838547789393,True,True,True,True
MTR-00143,ZONE-03,0.3173178426244204,0.4868137542066616,5.0,0.1688666153178482,True,True,True,True
MTR-00191,ZONE-07,0.5812783038725012,0.6594714970322507,1.0,0.1458621803308282,True,True,True,True
MTR-00100,ZONE-02,0.4113596467573318,0.4843175992780456,7.0,0.14527979932021906,True,True,True,True
MTR-00042,ZONE-08,0.25552983983327,0.5723020286908505,7.0,0.14344957645932488,True,True,True,True
MTR-00260,ZONE-06,0.2620166553033992,0.6509691243790787,5.0,0.1382091271243694,True,True,True,True
MTR-00189,ZONE-03,0.201886310509776,0.4777289524723616,5.0,0.13392956591625205,True,True,True,True
MTR-00469,ZONE-02,0.420201142370473,0.560045525974294,2.0,0.13010059845826194,True,True,True,True
MTR-00478,ZONE-01,0.4845941714961072,0.5468002766591775,5.0,0.13002573015702923,True,True,True,True
MTR-00092,ZONE-09,0.2806816314298695,0.4210434732171342,4.0,0.11420186891488515,True,True,True,True
MTR-00465,ZONE-01,0.2177354905207829,0.3769697629480445,2.0,0.10504608105359525,True,True,True,True
MTR-00447,ZONE-04,0.185181847747955,0.4327058721172311,4.0,0.09993977900645556,True,True,True,True
MTR-00024,ZONE-10,0.3552298626200645,0.4641775015544136,1.0,0.09864650638361039,False,True,True,True
MTR-00389,ZONE-09,0.4428025159030806,0.4970235968020258,5.0,0.09598822122224548,True,True,True,True
MTR-00053,ZONE-04,0.0924057780661126,0.3918495266097047,4.0,0.09460784500936892,True,True,True,True
MTR-00394,ZONE-06,0.1024926409165041,0.4671796241468862,4.0,0.09261200982647011,True,True,True,True
MTR-00198,ZONE-02,0.1550077365374695,0.4785819349803379,5.0,0.08714023865322362,True,True,True,True
MTR-00030,ZONE-05,0.3205176613289771,0.444443357559988,3.0,0.07561066312767184,True,True,True,True
MTR-00350,ZONE-02,0.4338602389472469,0.5922158688016359,3.0,0.07418520808444373,True,True,True,True
MTR-00049,ZONE-07,0.3921835004825648,0.5145728552845334,3.0,0.07018125432062172,True,True,True,True
MTR-00446,ZONE-07,0.3965592110525774,0.4495260079371428,4.0,0.06261291036245786,True,True,True,True
MTR-00057,ZONE-06,0.3521708440965599,0.5519081239213596,2.0,0.061656077195043846,False,True,True,True
MTR-00209,ZONE-03,0.2159011612302956,0.4136080956385488,3.0,0.06030041355381088,True,True,True,True
MTR-00235,ZONE-05,0.3058963598893766,0.6505109395521671,3.0,0.05975771440727662,True,True,True,True
MTR-00247,ZONE-08,0.337983903028121,0.4322233044976581,4.0,0.05813818007281846,True,True,True,True
MTR-00342,ZONE-03,0.1608572462969666,0.4080723539081139,3.0,0.05526886317199009,True,True,True,True
MTR-00159,ZONE-06,0.3500646323788632,0.5901132045908575,3.0,0.044519970167643086,True,True,True,True
MTR-00083,ZONE-02,0.4672197235975156,0.5172585077721326,2.0,0.04236272631054816,True,True,True,True
MTR-00414,ZONE-02,-0.0064599119161532,0.1221989059722605,2.0,0.040483905192920555,False,True,True,False
MTR-00396,ZONE-09,0.3078013435910127,0.4683993050176189,3.0,0.04000993812483211,True,True,True,True
MTR-00242,ZONE-06,0.3926672365083126,0.4797792035261526,2.0,0.03167469759048647,True,True,True,True
MTR-00086,ZONE-08,-0.0356355242096138,0.1496228934105954,1.0,0.02626644808767964,False,True,True,False
MTR-00224,ZONE-03,0.4726206749631628,0.6414939779814001,2.0,0.024090153818518645,True,True,True,True
MTR-00187,ZONE-02,0.2322382082468109,0.5130339661821417,3.0,0.0236278483347242,True,True,True,True
MTR-00316,ZONE-07,0.3309257186507031,0.4416997387826985,1.0,0.023253311718406056,False,True,True,True
MTR-00068,ZONE-04,0.5329199350129019,0.5641726589994214,2.0,0.018325980255288088,True,True,True,True
MTR-00324,ZONE-10,0.1910150425447856,0.4600687100867644,3.0,0.01807089877742951,True,True,True,True
MTR-00294,ZONE-04,-0.0297581779291236,0.0785646542272852,1.0,0.017700003428671174,False,True,True,False
MTR-00328,ZONE-01,-0.0050491334909421,0.2088140813999558,1.0,0.016659184029381935,False,True,True,False
MTR-00441,ZONE-10,0.2778537016123219,0.5965762617611623,0.0,0.015264584922116131,False,True,True,True
MTR-00272,ZONE-01,-0.0128389304334808,0.0700622631775033,1.0,0.014516793352418622,False,True,True,False
MTR-00234,ZONE-08,-0.0028468074036627,0.0955987375881651,3.0,0.014141976169948722,False,True,True,False
MTR-00385,ZONE-01,0.0105526626299167,0.0626497000699483,2.0,0.01305819415254339,False,True,True,False
MTR-00284,ZONE-05,0.2689532369525584,0.4047205179608621,3.0,0.013030980450545404,True,True,True,True
MTR-00476,ZONE-08,0.3595741663268742,0.394755970003723,3.0,0.011844593573477669,True,True,True,True
MTR-00244,ZONE-07,0.2469459114915315,0.4444415537112678,3.0,0.01143426055146457,True,True,True,True
MTR-00089,ZONE-08,-0.0189182926431878,0.1358651377840858,2.0,0.010657154501466204,False,True,True,False
MTR-00281,ZONE-03,0.0013474275979281,0.0420370010710112,2.0,0.008199474008529606,False,True,True,False
MTR-00372,ZONE-07,-0.0006733158103193,0.2023908112195297,3.0,0.0037798521837255628,False,True,True,False
MTR-00046,ZONE-10,0.2214969474245748,0.645852561877101,2.0,0.0012260061674551626,True,True,True,True
MTR-00211,ZONE-03,0.2465611123160693,0.3793368307928644,2.0,-0.00013622290749504273,True,False,True,True
MTR-00275,ZONE-05,0.0199721344732499,0.1670757157354903,1.0,-0.0021475186556479953,False,False,False,False
MTR-00454,ZONE-01,0.3298048135619581,0.4523504024262219,3.0,-0.0038006095044137433,True,False,True,True
MTR-00180,ZONE-06,-0.0242149017775441,0.0603853246222266,1.0,-0.012036170693136783,False,False,False,False
MTR-00499,ZONE-10,0.0086180382180115,0.1432558404450225,1.0,-0.01276327229751073,False,False,False,False
MTR-00485,ZONE-05,0.3398392423699813,0.4125638795568365,2.0,-0.013671976624860749,True,False,True,True
MTR-00367,ZONE-05,-0.0326877666377891,0.1110382092042079,1.0,-0.017261729752249932,False,False,False,False
MTR-00399,ZONE-03,0.1272016792932747,0.436110275415037,2.0,-0.018194414004107262,True,False,True,True
MTR-00058,ZONE-02,0.0007895706278762,0.1431555437260596,1.0,-0.018939678681397787,False,False,False,False
MTR-00014,ZONE-08,-0.0436159607099362,0.0739631178833657,1.0,-0.021737475507209725,False,False,False,False
MTR-00155,ZONE-05,0.3263166339095904,0.5420503446655625,2.0,-0.025270320154125225,True,False,True,True
MTR-00282,ZONE-05,-0.0378014474012571,-0.0007316409174438,2.0,-0.025571674906756048,False,False,False,False
MTR-00142,ZONE-03,-0.0183905584517021,0.0620956794969383,1.0,-0.029773512215140352,False,False,False,False
MTR-00383,ZONE-10,0.2347543558983147,0.5894030277063695,1.0,-0.02982558210005526,True,False,True,True
MTR-00264,ZONE-10,-0.0258749800592363,0.0861167369734542,1.0,-0.030411443615657507,False,False,False,False
MTR-00292,ZONE-03,0.3550236880938204,0.4941177340794188,0.0,-0.03229113242602277,False,False,False,True
MTR-00240,ZONE-07,-0.0017792300948435,0.2590930102813421,1.0,-0.03656672101756375,False,False,False,False
MTR-00044,ZONE-04,-0.0304979864453391,0.2643158825262744,2.0,-0.041098079574751534,False,False,False,False
MTR-00184,ZONE-07,-0.001851048786521,0.1634989267485471,1.0,-0.041785110489666155,False,False,False,False
MTR-00487,ZONE-04,-0.0332060437981376,0.040406943326819,2.0,-0.04209823972995075,False,False,False,False
MTR-00352,ZONE-01,-0.0071538899029497,0.1645744062882045,1.0,-0.04374393673238164,False,False,False,False
MTR-00472,ZONE-09,0.3388948520436081,0.4151047210145581,1.0,-0.045941258157535914,True,False,True,True
MTR-00087,ZONE-01,-0.0160535791773563,0.1422992303417404,2.0,-0.04710498999976975,False,False,False,False
MTR-00355,ZONE-10,-0.0130549682875262,0.1763817577771066,2.0,-0.04972086596387448,False,False,False,False
MTR-00345,ZONE-10,-0.0418639441094368,0.0630927962246109,2.0,-0.05026341184843719,False,False,False,False
MTR-00045,ZONE-01,-0.005937651251815,0.1706868482421789,0.0,-0.05231495031593869,False,False,False,False
MTR-00223,ZONE-08,-0.0243259011728769,0.0370432109414219,1.0,-0.05234397128738599,False,False,False,False
MTR-00079,ZONE-06,-0.0395179840398873,0.1032074429123993,1.0,-0.05342252841445061,False,False,False,False
MTR-00051,ZONE-08,-0.0113373991531169,0.0506163759467349,0.0,-0.05516884743040884,False,False,False,False
MTR-00168,ZONE-02,-0.0174245657085985,0.0753468002802483,1.0,-0.057601084636973277,False,False,False,False
MTR-00449,ZONE-06,-0.0062325512576071,0.1162808204332155,0.0,-0.060096130900901434,False,False,False,False
MTR-00012,ZONE-10,-0.0027833819892524,0.1049480280406848,2.0,-0.06143148601644571,False,False,False,False
MTR-00130,ZONE-07,-0.0073500326937203,0.0559644993478553,2.0,-0.0615967272427439,False,False,False,False
MTR-00228,ZONE-06,-0.0139425416717362,0.0902177880520743,2.0,-0.06288439659881623,False,False,False,False
MTR-00109,ZONE-05,-0.0265820578206774,0.0971202327127689,0.0,-0.06469582762461362,False,False,False,False
MTR-00463,ZONE-08,-0.0201776720898008,0.0424373476018883,1.0,-0.06599679187626029,False,False,False,False
MTR-00071,ZONE-08,0.00616597684732,0.1636431129397422,1.0,-0.06617141392142972,False,False,False,False
MTR-00474,ZONE-05,-0.0457365732982202,0.0405793631793153,2.0,-0.06672808892286214,False,False,False,False
MTR-00003,ZONE-07,-0.0423177769466398,0.1332233028649914,0.0,-0.06883373961745703,False,False,False,False
MTR-00029,ZONE-06,-0.0387079213734251,0.0645320156685106,1.0,-0.07033697740196149,False,False,False,False
MTR-00135,ZONE-08,-0.0024536684201719,0.0899120768816106,2.0,-0.07100770750616014,False,False,False,False
MTR-00337,ZONE-10,-0.0174836053589702,0.0690109572697554,0.0,-0.07152894216136335,False,False,False,False
MTR-00091,ZONE-05,-0.0157815602204027,0.0929127534744684,0.0,-0.07345104297578803,False,False,False,False
MTR-00368,ZONE-04,-0.0201408424225213,0.0803783371411777,1.0,-0.07648557111609089,False,False,False,False
MTR-00056,ZONE-01,-0.0074858051748689,0.1838206735837542,2.0,-0.07694612854280752,False,False,False,False
MTR-00362,ZONE-09,-0.0039429094292862,0.1279985608186531,0.0,-0.07699430030505316,False,False,False,False
MTR-00479,ZONE-07,-0.0103782909515679,0.1115104681462845,2.0,-0.07700091361501193,False,False,False,False
MTR-00365,ZONE-02,-0.0168145992406325,0.0151067814539279,0.0,-0.07719718206807197,False,False,False,False
MTR-00147,ZONE-01,-0.0067375811234491,0.1549714431304275,2.0,-0.07910224082930034,False,False,False,False
MTR-00194,ZONE-04,-0.013668406025401,0.2049719405336221,0.0,-0.07914052714020775,False,False,False,False
MTR-00277,ZONE-05,0.1458432519440478,0.4831472682931569,0.0,-0.07915983520595471,False,False,False,True
MTR-00407,ZONE-05,-0.034872840025059,0.1035757051886979,2.0,-0.08291367794927468,False,False,False,False
MTR-00205,ZONE-05,-0.0227408683041785,0.1244448472763526,2.0,-0.08335363382991484,False,False,False,False
MTR-00127,ZONE-01,-0.0020249270084449,0.1608325746397513,2.0,-0.08411230042595674,False,False,False,False
MTR-00382,ZONE-10,-0.0031754024223635,0.1123875856908576,0.0,-0.0842316511560337,False,False,False,False
MTR-00421,ZONE-10,-0.0290656785640945,0.0944195585045679,0.0,-0.08480483664314775,False,False,False,False
MTR-00222,ZONE-05,-0.0027301139007023,0.0612305216663108,1.0,-0.08525043682308558,False,False,False,False
MTR-00312,ZONE-07,0.0005442067204841,0.1971493402602459,0.0,-0.08554889628297785,False,False,False,False
MTR-00021,ZONE-06,0.1309378310111626,0.4300497025992015,1.0,-0.08660263815029501,True,False,True,True
MTR-00453,ZONE-05,-0.0436343782910344,0.0669999523709562,1.0,-0.08838961633442904,False,False,False,False
MTR-00098,ZONE-07,-0.0283532400829631,0.2431948844775625,1.0,-0.08931325106297278,False,False,False,False
MTR-00214,ZONE-05,-0.0209647081608159,0.0264719185716758,1.0,-0.09004636274341615,False,False,False,False
MTR-00361,ZONE-09,-0.0137146644846182,0.1242356778789601,0.0,-0.09055690358067287,False,False,False,False
MTR-00400,ZONE-04,-0.0244197812245778,0.0329575021682565,1.0,-0.0914574483194659,False,False,False,False
MTR-00392,ZONE-02,-0.0326712926904104,0.0483608298520145,1.0,-0.09200345331458948,False,False,False,False
MTR-00349,ZONE-02,-0.0026252653433425,0.0378898811446393,0.0,-0.0921130622067815,False,False,False,False
MTR-00149,ZONE-09,-0.0184821490215689,0.0927377595823172,0.0,-0.09212789895484241,False,False,False,False
MTR-00094,ZONE-04,-0.0202731422446451,0.1960045092495057,0.0,-0.09339249127400112,False,False,False,False
MTR-00115,ZONE-06,-0.0259152439063106,0.108851484771332,1.0,-0.09680162237467893,False,False,False,False
MTR-00426,ZONE-02,-0.0276239666455433,0.0551382146834258,0.0,-0.09846358982066838,False,False,False,False
MTR-00320,ZONE-08,-0.0141221493909207,0.3106883695041276,0.0,-0.09866066049734085,False,False,False,False
MTR-00411,ZONE-02,-0.0310213286015983,0.159435259947126,1.0,-0.09900456193849894,False,False,False,False
MTR-00162,ZONE-07,-0.0360822738557382,0.065672925920359,1.0,-0.09936174361713385,False,False,False,False
MTR-00280,ZONE-01,0.0029560512963062,0.079952371271745,0.0,-0.10180773953374822,False,False,False,False
MTR-00140,ZONE-05,-0.0269728349093056,0.1777317836286053,0.0,-0.10194988637460628,False,False,False,False
MTR-00215,ZONE-08,-0.021707963622543,0.028481829713602,0.0,-0.1021872248539839,False,False,False,False
MTR-00486,ZONE-03,-0.0220778978407329,0.0955153686803649,1.0,-0.10288688791750522,False,False,False,False
MTR-00116,ZONE-06,-0.0004366702321778,0.0448733045096223,1.0,-0.10367418762958919,False,False,False,False
MTR-00017,ZONE-06,-0.0221486741060836,0.0662774592964661,0.0,-0.1060568842078572,False,False,False,False
MTR-00259,ZONE-02,0.0013281039241319,0.287804270684181,1.0,-0.108243911391886,False,False,False,False
MTR-00293,ZONE-10,-0.011203534283513,0.1628948382126348,1.0,-0.11051389222095803,False,False,False,False
MTR-00186,ZONE-05,-0.0231875933193088,0.0689327878952714,0.0,-0.11148715240374707,False,False,False,False
MTR-00131,ZONE-06,0.0018163943188759,0.1132406841783749,1.0,-0.11154037376200548,False,False,False,False
MTR-00059,ZONE-08,-0.0211393418106269,0.1280728842469463,1.0,-0.11200770104339353,False,False,False,False
MTR-00145,ZONE-10,-0.0041987626306312,0.1345537431440985,1.0,-0.11659954781710247,False,False,False,False
MTR-00150,ZONE-01,0.0039998691727103,0.1505921394992704,0.0,-0.11689397733592038,False,False,False,False
MTR-00288,ZONE-06,-0.0190716026421591,0.0456998955575616,1.0,-0.11702569462358531,False,False,False,False
MTR-00329,ZONE-02,-0.0275357049160709,0.0122462881418453,0.0,-0.11709762952783986,False,False,False,False
MTR-00263,ZONE-03,-0.0303828893466853,0.0387803745114936,0.0,-0.11896002572957987,False,False,False,False
MTR-00359,ZONE-01,0.0065427742491963,0.1284874147259468,1.0,-0.11926067054297268,False,False,False,False
MTR-00004,ZONE-05,-0.0211284071857478,0.2324863918673151,0.0,-0.11946405052255799,False,False,False,False
MTR-00404,ZONE-10,-0.0111195680279188,0.042836558335245,0.0,-0.1202332674907744,False,False,False,False
MTR-00338,ZONE-04,-0.0198872894625981,0.015650708613851,1.0,-0.12137675015809912,False,False,False,False
MTR-00431,ZONE-01,0.0013619402985075,0.2085820895522387,1.0,-0.12384198866251395,False,False,False,False
MTR-00482,ZONE-09,0.0180929994563304,0.1286897566279701,1.0,-0.1241059359608106,False,False,False,False
MTR-00031,ZONE-05,-0.0036995900233571,0.0259262975399069,1.0,-0.12413825265245415,False,False,False,False
MTR-00375,ZONE-09,0.0056370661167292,0.1632916739135836,1.0,-0.12440705135475222,False,False,False,False
MTR-00013,ZONE-08,-0.0125859301501496,0.1507717929554056,0.0,-0.12469041883815646,False,False,False,False
MTR-00210,ZONE-08,-0.0069442813872127,0.2695296907652211,1.0,-0.12496945086385203,False,False,False,False
MTR-00129,ZONE-06,-0.026547889205414,0.1975278837332819,1.0,-0.1256137310665083,False,False,False,False
MTR-00305,ZONE-06,-0.0256955004311598,0.0378585243565535,1.0,-0.12723757952361042,False,False,False,False
MTR-00340,ZONE-10,-0.0068145375148083,0.1700620083570015,0.0,-0.12851245080994594,False,False,False,False
MTR-00304,ZONE-09,0.0004843643729175,0.0451000355240208,0.0,-0.12871570839746943,False,False,False,False
MTR-00257,ZONE-07,-0.0130826347920331,0.1322989237176395,1.0,-0.1288399732704486,False,False,False,False
MTR-00451,ZONE-10,-0.0119233841443122,0.2331757971110962,1.0,-0.12889639791464824,False,False,False,False
MTR-00067,ZONE-10,0.0014304787335495,0.0997520503528515,1.0,-0.13026713427806064,False,False,False,False
MTR-00220,ZONE-10,-0.0053732270421369,0.167615695206543,1.0,-0.13034406122798708,False,False,False,False
MTR-00105,ZONE-08,-0.033881070279125,0.1276946448659432,0.0,-0.1304041371439008,False,False,False,False
MTR-00251,ZONE-02,-0.015996192271618,0.1202677542335313,0.0,-0.13079531164257918,False,False,False,False
MTR-00175,ZONE-07,-0.0018823121587658,0.0931623190917756,1.0,-0.1309721102166524,False,False,False,False
MTR-00111,ZONE-03,0.0036585053012808,0.0565944478183765,0.0,-0.1320077540598642,False,False,False,False
MTR-00343,ZONE-07,-0.0258789249121391,0.1126393743072615,0.0,-0.13223714309917733,False,False,False,False
MTR-00360,ZONE-08,-0.0215373098721487,0.0396731107394768,0.0,-0.13224655380972783,False,False,False,False
MTR-00015,ZONE-08,0.0012725532825859,0.1110587083554406,0.0,-0.13232602522892,False,False,False,False
MTR-00193,ZONE-07,-0.0067081007120364,0.1557427408799094,0.0,-0.1325447863712677,False,False,False,False
MTR-00436,ZONE-02,-0.0160591774324008,0.2191311577366661,0.0,-0.1331121768740915,False,False,False,False
MTR-00318,ZONE-08,-0.0229918449503019,0.0998319188230166,1.0,-0.13321191456748588,False,False,False,False
MTR-00241,ZONE-02,-0.0025725340073452,0.0827974018570569,0.0,-0.13351520159294644,False,False,False,False
MTR-00258,ZONE-02,-0.0142026735506231,0.0245163586379774,1.0,-0.13388010273783602,False,False,False,False
MTR-00027,ZONE-05,0.0119565393331175,0.076400129491745,0.0,-0.1341952477278598,False,False,False,False
MTR-00279,ZONE-01,-0.0280367937872194,0.0055329680724962,1.0,-0.13536723885354918,False,False,False,False
MTR-00169,ZONE-04,-0.0343657970524564,0.1648843150894208,0.0,-0.13607016445377368,False,False,False,False
MTR-00225,ZONE-08,-0.0324100917511385,0.0081861345602891,0.0,-0.13631338757393613,False,False,False,False
MTR-00386,ZONE-02,0.0017124819063202,0.0528872520651282,1.0,-0.13644934406739073,False,False,False,False
MTR-00380,ZONE-03,-0.0119637179890297,0.0734723823498585,1.0,-0.13645773361677288,False,False,False,False
MTR-00442,ZONE-04,0.0017029675300859,0.0641538434667179,1.0,-0.13669559183980723,False,False,False,False
MTR-00096,ZONE-03,-0.0137660113423343,0.1720678588922016,0.0,-0.13692310901678767,False,False,False,False
MTR-00464,ZONE-05,-0.0050617835343158,0.1000446627958909,1.0,-0.13700667130315625,False,False,False,False
MTR-00005,ZONE-05,-0.0296819716950789,0.0386780315213894,1.0,-0.13773388315561946,False,False,False,False
MTR-00171,ZONE-02,-0.0204544683126666,0.0443405852367069,0.0,-0.13774048501241237,False,False,False,False
MTR-00183,ZONE-05,0.0049197238715746,0.0497301139964053,0.0,-0.13804463485398266,False,False,False,False
MTR-00330,ZONE-06,-0.02444914087557,0.1056771418578519,1.0,-0.13807251121626218,False,False,False,False
MTR-00459,ZONE-09,-0.0025881110753578,0.1389261288214613,0.0,-0.1383030777188578,False,False,False,False
MTR-00428,ZONE-09,-0.027802316153781,0.0524825441388239,1.0,-0.1383934032157707,False,False,False,False
MTR-00160,ZONE-08,-0.0332633233687247,0.0177559014534584,1.0,-0.13870240737914508,False,False,False,False
MTR-00011,ZONE-06,-0.0100301066957717,0.0281721425980561,0.0,-0.13944405387092973,False,False,False,False
MTR-00405,ZONE-05,-0.0056584447124519,0.0488856581142923,1.0,-0.13979133348583184,False,False,False,False
MTR-00335,ZONE-05,-0.0055900538611144,0.1759788650018402,0.0,-0.14014472659952226,False,False,False,False
MTR-00378,ZONE-08,-0.0017164362545241,0.3176636123990269,0.0,-0.14026277358577482,False,False,False,False
MTR-00233,ZONE-01,-0.0226846703600598,0.13057043488997,0.0,-0.14040308796734363,False,False,False,False
MTR-00437,ZONE-06,-0.0002702184411009,0.1485504088143512,1.0,-0.14049572265094745,False,False,False,False
MTR-00353,ZONE-03,0.0008689224645541,0.0754892530769598,0.0,-0.14055411426983017,False,False,False,False
MTR-00481,ZONE-03,-0.0110483883543592,0.1509036755188922,1.0,-0.14065743483702187,False,False,False,False
MTR-00297,ZONE-09,-0.0218220670468891,0.0420755405034257,0.0,-0.14132174915523177,False,False,False,False
MTR-00154,ZONE-03,-0.0083950617283949,0.1645684548524608,0.0,-0.1413452950921938,False,False,False,False
MTR-00055,ZONE-05,-0.0162052216191328,0.0840051251039484,0.0,-0.1415551765163442,False,False,False,False
MTR-00076,ZONE-05,-0.0161530892734429,0.0839945024051976,1.0,-0.1426697766530689,False,False,False,False
MTR-00025,ZONE-08,-0.0174579643428391,0.0800920688175399,1.0,-0.14323522321828563,False,False,False,False
MTR-00110,ZONE-08,-0.0054218466222681,0.1390458187442269,0.0,-0.14325550802486664,False,False,False,False
MTR-00216,ZONE-03,-0.0027676020732587,0.2606803539801049,0.0,-0.14396276104577732,False,False,False,False
MTR-00254,ZONE-04,-0.0030102678257535,0.0920982787542004,0.0,-0.1440690176998104,False,False,False,False
MTR-00358,ZONE-09,-0.0108807540813462,0.0591605303167486,1.0,-0.14430819976694648,False,False,False,False
MTR-00438,ZONE-10,6.29207827346212e-05,0.0947796723924579,1.0,-0.14459004913803375,False,False,False,False
MTR-00276,ZONE-05,-0.0199848857902051,0.1176226810657955,0.0,-0.14486314348768065,False,False,False,False
MTR-00060,ZONE-07,-0.005726199024719,0.0715144613789615,0.0,-0.14495545155255146,False,False,False,False
MTR-00351,ZONE-06,-0.0044129499152514,0.0622418373112146,0.0,-0.1450347015937145,False,False,False,False
MTR-00151,ZONE-09,-0.0265902185631679,0.0779182593354895,1.0,-0.14542447164020478,False,False,False,False
MTR-00268,ZONE-04,-0.0104097776873379,0.0484305845245968,1.0,-0.14561807993618753,False,False,False,False
MTR-00377,ZONE-08,0.0158659986246193,0.0999115826702033,1.0,-0.14570788679841357,False,False,False,False
MTR-00077,ZONE-04,-0.0102561066878643,0.1450932969137812,0.0,-0.1461364676239798,False,False,False,False
MTR-00246,ZONE-01,0.0019526165061181,0.2287164800833115,1.0,-0.14654300865934455,False,False,False,False
MTR-00295,ZONE-06,-0.0072783375753981,0.0320869465599426,1.0,-0.14655113782764817,False,False,False,False
MTR-00332,ZONE-04,-0.0010466956063126,0.0658850257616943,1.0,-0.14666777269578113,False,False,False,False
MTR-00310,ZONE-02,-0.0014456445228239,0.1492214387893349,0.0,-0.14682382946731592,False,False,False,False
MTR-00356,ZONE-10,-0.0080576458097469,0.0471537868462715,0.0,-0.14709174124139007,False,False,False,False
MTR-00144,ZONE-05,0.0075402708676312,0.1562900775856579,1.0,-0.14740585220244878,False,False,False,False
MTR-00443,ZONE-02,-0.0105877181825062,0.0525392974044314,0.0,-0.14776707937208766,False,False,False,False
MTR-00334,ZONE-09,-0.0041382928605078,0.0813311062572272,1.0,-0.14778860815865758,False,False,False,False
MTR-00090,ZONE-09,-0.012341580591944,0.0829258727188245,0.0,-0.14810353496412304,False,False,False,False
MTR-00033,ZONE-01,0.0173657820716643,0.2199508941590389,1.0,-0.14815266813567995,False,False,False,False
MTR-00196,ZONE-01,0.0231142369438862,0.1735269332987619,1.0,-0.14855908942678242,False,False,False,False
MTR-00455,ZONE-06,0.0032638356310974,0.2400435178084146,0.0,-0.14856885276518356,False,False,False,False
MTR-00424,ZONE-06,-0.0095038114762253,0.0600822858052721,1.0,-0.14864002880481603,False,False,False,False
MTR-00261,ZONE-08,-0.0191186320475948,0.1330128836531263,1.0,-0.1491319715917353,False,False,False,False
MTR-00082,ZONE-05,-0.00847605415988,0.0762548738956616,0.0,-0.14930338876363958,False,False,False,False
MTR-00445,ZONE-06,-8.691117677739335e-05,0.1623935338084478,1.0,-0.15060836218190832,False,False,False,False
MTR-00300,ZONE-01,0.004864695215511,0.0950620728135024,1.0,-0.15062874147717892,False,False,False,False
MTR-00232,ZONE-09,-0.0004859428700207,0.2351681784889289,1.0,-0.15085683931997768,False,False,False,False
MTR-00093,ZONE-09,-0.0019076389179244,0.058619392064222,1.0,-0.1513215752496636,False,False,False,False
MTR-00278,ZONE-08,-0.0232957402485454,0.0402783051299679,1.0,-0.1516502730542182,False,False,False,False
MTR-00117,ZONE-01,0.0028321874864876,0.091321831625373,1.0,-0.15176469671700332,False,False,False,False
MTR-00314,ZONE-03,-0.0110448509145577,0.0685041343021798,1.0,-0.15271914718362278,False,False,False,False
MTR-00252,ZONE-05,-0.0170191034613202,0.1704180064308681,1.0,-0.1528619301753164,False,False,False,False
MTR-00007,ZONE-01,-0.0222687422726761,0.0322580645161291,1.0,-0.15316290940436939,False,False,False,False
MTR-00450,ZONE-03,-0.0351331120223914,0.0451083772700644,1.0,-0.15546638943997165,False,False,False,False
MTR-00333,ZONE-04,-0.0179511651952597,0.0866141732283463,1.0,-0.15622818712406333,False,False,False,False
MTR-00036,ZONE-01,0.0152681200663186,0.0618537385506775,1.0,-0.15649258320099252,False,False,False,False
MTR-00103,ZONE-09,-0.0202750443758938,0.0176650860470463,0.0,-0.15690143467285494,False,False,False,False
MTR-00408,ZONE-02,-0.005449063701491,0.1589909551074599,1.0,-0.1570167781656867,False,False,False,False
MTR-00156,ZONE-07,-0.0067931657631017,0.1981271562345984,1.0,-0.15702528502203955,False,False,False,False
MTR-00200,ZONE-10,-0.0221951643764131,0.1922073404070273,1.0,-0.15705778312783525,False,False,False,False
MTR-00390,ZONE-02,0.0014171978534176,0.0415963316620895,1.0,-0.1577593218936158,False,False,False,False
MTR-00201,ZONE-04,-0.0007966478712948,0.2103874605555842,1.0,-0.15827189583897555,False,False,False,False
MTR-00309,ZONE-04,-0.0055265020895658,0.3238027815204731,0.0,-0.15939964765061854,False,False,False,False
MTR-00020,ZONE-05,-0.0035092340109073,0.1075855230540406,1.0,-0.15949767476673637,False,False,False,False
MTR-00286,ZONE-10,-0.0121537234840412,0.1303318096771901,1.0,-0.15955444776612415,False,False,False,False
MTR-00167,ZONE-04,-0.0043279830872946,0.0332615675361086,1.0,-0.15983821514212604,False,False,False,False
MTR-00346,ZONE-03,0.0070079820498633,0.0710999115271369,1.0,-0.16014014528963144,False,False,False,False
MTR-00062,ZONE-08,-0.0034163206786341,0.0498628137894543,1.0,-0.16021622408813008,False,False,False,False
MTR-00039,ZONE-03,-0.0251656732442338,0.1236903483765874,1.0,-0.1607381131393928,False,False,False,False
MTR-00229,ZONE-06,-0.0187717058573211,0.0684841246962896,1.0,-0.16077732759295382,False,False,False,False
MTR-00467,ZONE-02,-0.023856733924457,0.0171452508951637,0.0,-0.16088157877128506,False,False,False,False
MTR-00497,ZONE-02,0.0021959093860474,0.056654333329898,1.0,-0.16091300668667008,False,False,False,False
MTR-00245,ZONE-07,-0.031434348166458,0.20888631362227,0.0,-0.1612492479037092,False,False,False,False
MTR-00471,ZONE-08,-0.0211607345273181,0.1854908184085241,1.0,-0.16151948357272694,False,False,False,False
MTR-00148,ZONE-03,-0.0189827698501983,0.1566108117709752,1.0,-0.1615479018417897,False,False,False,False
MTR-00208,ZONE-10,-0.0038403147710632,0.0449454784384131,1.0,-0.16157213053783198,False,False,False,False
MTR-00470,ZONE-10,-0.0082836356437603,0.1767093118210388,1.0,-0.16197483949586428,False,False,False,False
MTR-00043,ZONE-08,-0.0124987279573174,0.049675083954817,1.0,-0.16215628506954127,False,False,False,False
MTR-00468,ZONE-06,-0.0288137956679368,0.1577577391466023,1.0,-0.16218501962695825,False,False,False,False
MTR-00178,ZONE-02,-0.0094267359799002,0.0409853645583324,1.0,-0.16222111807498574,False,False,False,False
MTR-00415,ZONE-01,-0.0040969115067113,0.1285308237342074,1.0,-0.16250126058833264,False,False,False,False
MTR-00433,ZONE-09,-0.0232949899144088,0.068418470261135,1.0,-0.16258829414073778,False,False,False,False
MTR-00306,ZONE-02,-0.0264891439384227,0.0201975735627093,0.0,-0.16287803332825462,False,False,False,False
MTR-00107,ZONE-08,-0.0289872645347017,0.0720633331247262,1.0,-0.1630604121671005,False,False,False,False
MTR-00238,ZONE-05,-0.0009833139847175,0.1074801171313221,1.0,-0.16334818929108386,False,False,False,False
MTR-00165,ZONE-05,0.0039270282496453,0.0722542000093595,1.0,-0.16342190447849347,False,False,False,False
MTR-00125,ZONE-09,-0.0159680372127479,0.0209901757856624,0.0,-0.16356653032694868,False,False,False,False
MTR-00473,ZONE-05,0.0001463458087831,0.1371960143037119,1.0,-0.1636110154788709,False,False,False,False
MTR-00250,ZONE-01,-0.0009838838927966,0.0467710546065099,1.0,-0.16431267483001744,False,False,False,False
MTR-00271,ZONE-03,0.0106173595307068,0.0589440902860033,0.0,-0.16458733524612312,False,False,False,False
MTR-00166,ZONE-09,-0.0295184007158346,0.0265822073035671,0.0,-0.164907172805633,False,False,False,False
MTR-00040,ZONE-07,-0.0030180608365018,0.0774714828897339,1.0,-0.1651671113814731,False,False,False,False
MTR-00221,ZONE-02,0.0014479328734724,0.1074977741404585,1.0,-0.1653720133942156,False,False,False,False
MTR-00369,ZONE-01,-0.0055862285906433,0.1545812497966178,1.0,-0.16709609020851562,False,False,False,False
MTR-00440,ZONE-04,-0.0070470319103561,0.0442263912660563,1.0,-0.16729533896046045,False,False,False,False
MTR-00061,ZONE-10,-0.0135570438692034,0.1036128942550577,1.0,-0.1673384711742471,False,False,False,False
MTR-00016,ZONE-08,-0.0119550005966651,0.1368966901354972,1.0,-0.16737851023055772,False,False,False,False
MTR-00069,ZONE-01,-0.011909996076787,0.0292801193584484,0.0,-0.1674222610616795,False,False,False,False
MTR-00192,ZONE-07,-0.0268511964708189,0.064701155393808,0.0,-0.16775129783311438,False,False,False,False
MTR-00322,ZONE-02,-0.0157360018940084,0.1773456232035121,0.0,-0.16810646288077247,False,False,False,False
MTR-00270,ZONE-06,-0.0201733673517898,0.0738950604567135,1.0,-0.1685083672379104,False,False,False,False
MTR-00128,ZONE-08,-0.0117227362047009,0.0830964890826747,1.0,-0.16878615230907612,False,False,False,False
MTR-00236,ZONE-08,-0.001168088203086,0.1449967147519288,0.0,-0.16960044433225102,False,False,False,False
MTR-00170,ZONE-01,-0.006323563351027,0.1079621509346873,1.0,-0.16988457080386948,False,False,False,False
MTR-00227,ZONE-09,0.0042584434654918,0.0412374548706567,0.0,-0.16995116255095838,False,False,False,False
MTR-00313,ZONE-02,-0.0221701106980654,0.0281343354760158,0.0,-0.16999137708269618,False,False,False,False
MTR-00102,ZONE-02,-0.0276145856957781,0.0847435511080318,0.0,-0.17013815769145768,False,False,False,False
MTR-00458,ZONE-07,-0.0141983967150682,0.0372767664736352,0.0,-0.17095286600562098,False,False,False,False
MTR-00267,ZONE-05,-0.0270902644755857,0.0317464318119625,0.0,-0.17110816270174234,False,False,False,False
MTR-00134,ZONE-06,-0.0043254803214789,0.286399227346418,0.0,-0.17137359995736384,False,False,False,False
MTR-00327,ZONE-03,-0.0205064059411888,0.0455423808372142,0.0,-0.17138963371007437,False,False,False,False
MTR-00425,ZONE-05,-0.0135163674762406,0.2511087645195353,0.0,-0.17152919551112517,False,False,False,False
MTR-00325,ZONE-10,-0.0251240833067085,0.0355972610387969,0.0,-0.17172655786451796,False,False,False,False
MTR-00484,ZONE-08,-0.034227945088858,0.1285729488134511,0.0,-0.1717631709408739,False,False,False,False
MTR-00084,ZONE-09,0.0018510438114457,0.2792178572889537,0.0,-0.17203529550915286,False,False,False,False
MTR-00456,ZONE-06,0.017080816832201,0.1464195577654725,0.0,-0.17237295778388256,False,False,False,False
MTR-00139,ZONE-04,-0.0202603039643574,0.095091315281297,0.0,-0.17368268057050612,False,False,False,False
MTR-00157,ZONE-02,0.0098896679986931,0.1099298801176205,0.0,-0.17385945648904005,False,False,False,False
MTR-00406,ZONE-06,0.0042533229435367,0.0964907566638005,0.0,-0.1738687773817199,False,False,False,False
MTR-00366,ZONE-06,0.0007610195861225,0.0644959274516105,0.0,-0.17432816711029953,False,False,False,False
MTR-00274,ZONE-10,-0.0094117686938777,0.0323681938343483,0.0,-0.17446180486782814,False,False,False,False
MTR-00237,ZONE-07,-0.0009671574851679,0.0773206210599005,0.0,-0.17454144953346268,False,False,False,False
MTR-00432,ZONE-08,-0.0058579019058233,0.0351437930884758,0.0,-0.17456197899174364,False,False,False,False
MTR-00101,ZONE-09,-0.0183314574794659,0.1715096730351314,0.0,-0.17467319363978828,False,False,False,False
MTR-00231,ZONE-05,-0.031982297202731,0.0768445142133036,0.0,-0.17475187906140038,False,False,False,False
MTR-00266,ZONE-06,0.0061740719064004,0.0491519026807643,0.0,-0.17476249491615659,False,False,False,False
MTR-00336,ZONE-09,-0.0164726051391639,0.1810442977001627,0.0,-0.17509829553687478,False,False,False,False
MTR-00418,ZONE-02,-0.0081505354460582,0.1052256679976245,0.0,-0.17517400931850874,False,False,False,False
MTR-00434,ZONE-02,-0.0060006138967474,0.0610619895309219,0.0,-0.1752645572151888,False,False,False,False
MTR-00002,ZONE-08,-0.0186544398204218,0.1780572427672497,0.0,-0.17569307117628402,False,False,False,False
MTR-00050,ZONE-08,-0.001183231913455,0.0866726585432534,0.0,-0.17629708388233245,False,False,False,False
MTR-00099,ZONE-07,-0.0133854203926457,0.0478696767468243,0.0,-0.17630695801798912,False,False,False,False
MTR-00081,ZONE-10,-0.0135250033402567,0.2748606201945851,0.0,-0.17631742741684747,False,False,False,False
MTR-00496,ZONE-05,-0.0103077482860316,0.0433649042749352,0.0,-0.1772828481253914,False,False,False,False
MTR-00395,ZONE-08,-0.0067953890176957,0.131232726463194,0.0,-0.1773734059393522,False,False,False,False
MTR-00213,ZONE-08,-0.0053056642847897,0.142658210334162,0.0,-0.17792984720560795,False,False,False,False
MTR-00136,ZONE-04,-0.0134257092032581,0.1332272259151764,0.0,-0.17808784330753685,False,False,False,False
MTR-00212,ZONE-08,-0.0393111740960232,0.1991754702396289,0.0,-0.17861326333969968,False,False,False,False
MTR-00197,ZONE-04,-0.0191012396694214,0.1067296340023613,0.0,-0.17890165217208132,False,False,False,False
MTR-00319,ZONE-10,-0.0216535681131782,0.1415861921223856,0.0,-0.1790559299664981,False,False,False,False
MTR-00230,ZONE-02,0.0027254644132216,0.0924055648759099,0.0,-0.1790785870875985,False,False,False,False
MTR-00243,ZONE-01,-0.0088453343424532,0.0486026022832493,0.0,-0.17928456881239468,False,False,False,False
MTR-00133,ZONE-01,-0.0333188612541091,0.0069731793976661,0.0,-0.17985290472446513,False,False,False,False
MTR-00364,ZONE-09,-0.006953521103193,0.0735296344036212,0.0,-0.1801496348002174,False,False,False,False
MTR-00420,ZONE-06,-0.021398394629982,0.0642772179055288,0.0,-0.18043929252499252,False,False,False,False
MTR-00137,ZONE-07,-0.0107603627119103,0.2577185040172928,0.0,-0.1810581147298982,False,False,False,False
MTR-00152,ZONE-03,-0.0101461583810507,0.1717302607386135,0.0,-0.18138139323292696,False,False,False,False
MTR-00113,ZONE-06,-0.008240867930761,0.1258804859843566,0.0,-0.18152647961897117,False,False,False,False
MTR-00114,ZONE-05,0.0283598417907936,0.1618278212572581,0.0,-0.18169232495380833,False,False,False,False
MTR-00141,ZONE-10,-0.0187132851909426,0.1462945892533393,0.0,-0.18243246416168307,False,False,False,False
MTR-00490,ZONE-07,-0.0105020076349466,0.0916391399806159,0.0,-0.18272770037615166,False,False,False,False
MTR-00173,ZONE-08,4.444418107152348e-05,0.0961831337295777,0.0,-0.18273496868305855,False,False,False,False
MTR-00172,ZONE-01,-0.0145866071604197,0.0754967292691617,0.0,-0.18294650583573135,False,False,False,False
MTR-00190,ZONE-04,-0.006583548103215,0.0803265549863281,0.0,-0.1829500721119297,False,False,False,False
MTR-00121,ZONE-05,-0.042808421328786,0.1791172033842724,0.0,-0.18300882949830338,False,False,False,False
MTR-00176,ZONE-05,-0.0242534792595596,0.0733438970163737,0.0,-0.18317457369294787,False,False,False,False
MTR-00410,ZONE-01,-0.0313161100070518,0.0114750945573435,0.0,-0.18357155661853342,False,False,False,False
MTR-00158,ZONE-06,-0.0165239510234402,0.1332263242375601,0.0,-0.18361834204494842,False,False,False,False
MTR-00206,ZONE-03,-0.0149394923785384,0.2546317781030236,0.0,-0.18379851627533234,False,False,False,False
MTR-00315,ZONE-03,-0.0226052182046616,0.1025290417702103,0.0,-0.18387499243064576,False,False,False,False
MTR-00041,ZONE-02,-0.0191960040096987,0.057463779912095,0.0,-0.18430994972501097,False,False,False,False
MTR-00181,ZONE-10,-0.0085631179209944,0.1298497157379794,0.0,-0.18459931492611126,False,False,False,False
MTR-00239,ZONE-04,-0.0036209889559839,0.069192838961841,0.0,-0.18474916468360925,False,False,False,False
MTR-00409,ZONE-10,0.0174374365911397,0.2171119377747716,0.0,-0.18598303050143522,False,False,False,False
MTR-00253,ZONE-02,-0.0388754993562021,0.0501502195516523,0.0,-0.18659145085001927,False,False,False,False
MTR-00422,ZONE-07,-0.0301828891543434,0.0620752152242864,0.0,-0.18712576164858585,False,False,False,False
MTR-00202,ZONE-10,-0.017707129236274,0.1191347435227248,0.0,-0.18713511762141077,False,False,False,False
MTR-00188,ZONE-04,-0.0254828821509029,0.0191464553469206,0.0,-0.18848118295643745,False,False,False,False
MTR-00106,ZONE-08,0.0205312554390755,0.0661525484998192,0.0,-0.18974969455313928,False,False,False,False
MTR-00291,ZONE-09,0.0043629320500787,0.1601605399253209,0.0,-0.19006072828964965,False,False,False,False
MTR-00006,ZONE-09,0.0060073807959516,0.2321456029746844,0.0,-0.19045994001285194,False,False,False,False
MTR-00457,ZONE-02,0.0255377310984822,0.0996331199194302,0.0,-0.19055530928518766,False,False,False,False
MTR-00095,ZONE-09,0.0044153591421589,0.1898604431128282,0.0,-0.1919353832201789,False,False,False,False
MTR-00298,ZONE-05,0.0009306248273255,0.2269997528027804,0.0,-0.1924403597368637,False,False,False,False
MTR-00402,ZONE-08,-0.0392947288455414,0.1177984169382703,0.0,-0.19348172958959325,False,False,False,False
MTR-00218,ZONE-01,-0.0215953709444101,0.0948543087414754,0.0,-0.19362596812103144,False,False,False,False
MTR-00124,ZONE-05,0.0199354595639426,0.0694172405804427,0.0,-0.19375525935938276,False,False,False,False
MTR-00397,ZONE-01,-0.034964885463544,0.1861123878953726,0.0,-0.19389588643714573,False,False,False,False
MTR-00303,ZONE-01,-0.0282820379983717,0.0139272989256601,0.0,-0.19398164652486904,False,False,False,False
MTR-00419,ZONE-03,-0.0019305391995985,0.1613737716944341,0.0,-0.1940113609798329,False,False,False,False
MTR-00341,ZONE-07,-0.0267723575837817,0.0312430145984147,0.0,-0.19509948615728956,False,False,False,False
MTR-00483,ZONE-03,-0.0386668618552676,0.1450739276826234,0.0,-0.19524173775011355,False,False,False,False
MTR-00477,ZONE-09,0.0067776843071274,0.1144080758641785,0.0,-0.19542953897785553,False,False,False,False
MTR-00018,ZONE-02,-0.0183829885322421,0.0549184579035326,0.0,-0.19572002195790145,False,False,False,False
MTR-00028,ZONE-09,0.022192861696525,0.0816241679656719,0.0,-0.1959575844652342,False,False,False,False
MTR-00416,ZONE-07,-0.0175431959500358,0.1779012821218289,0.0,-0.19612824324243333,False,False,False,False
MTR-00153,ZONE-10,0.0038132573057731,0.211831789023521,0.0,-0.19627736000274032,False,False,False,False
MTR-00219,ZONE-05,0.0107142371544727,0.0411670671232583,0.0,-0.19641856811990777,False,False,False,False
MTR-00283,ZONE-07,-0.0085804508592628,0.2119298302580629,0.0,-0.19677540137121075,False,False,False,False
MTR-00461,ZONE-08,-0.025836488284048,0.2124870933834405,0.0,-0.1969071873381561,False,False,False,False
MTR-00302,ZONE-09,-0.0201160215986637,0.0164061791860359,0.0,-0.19703606921335154,False,False,False,False
MTR-00023,ZONE-02,-0.0247568833039859,0.2166239795101647,0.0,-0.19712491962306183,False,False,False,False
MTR-00123,ZONE-07,0.0130388680870803,0.0767586732496107,0.0,-0.19730679577353094,False,False,False,False
MTR-00287,ZONE-02,-0.0334336210698757,0.1021359712683511,0.0,-0.1973866172200413,False,False,False,False
MTR-00249,ZONE-08,-0.0237097673554103,0.022965742785451,0.0,-0.1975903297068891,False,False,False,False
MTR-00120,ZONE-02,-0.0058159672112223,0.2111643479766783,0.0,-0.1978205537064754,False,False,False,False
MTR-00138,ZONE-01,-0.0239840362254883,0.0905253463294829,0.0,-0.198086847608752,False,False,False,False
MTR-00269,ZONE-07,-0.0109047383192999,0.032123399136772,0.0,-0.19830393625022263,False,False,False,False
MTR-00388,ZONE-09,-0.0222230168236996,0.0442136127152129,0.0,-0.19865528245264458,False,False,False,False
MTR-00009,ZONE-03,0.0057168453339002,0.1791430046463604,0.0,-0.19868041676409548,False,False,False,False
MTR-00104,ZONE-01,-0.0253477766748666,0.0252594067707787,0.0,-0.1988068413974034,False,False,False,False
MTR-00374,ZONE-04,-0.0221291272041097,0.0184093391959117,0.0,-0.19910611207216322,False,False,False,False
MTR-00317,ZONE-08,-0.0264749080695134,0.0210264664846179,0.0,-0.19916746806746516,False,False,False,False
MTR-00401,ZONE-10,-0.0111613309186897,0.0254896888004105,0.0,-0.19932263971549619,False,False,False,False
MTR-00373,ZONE-05,-0.0099625859218657,0.175150091359958,0.0,-0.19947323023010588,False,False,False,False
MTR-00182,ZONE-02,-0.0173331591580803,0.030481446836503,0.0,-0.19951118285014996,False,False,False,False
MTR-00427,ZONE-09,-0.0061350118540908,0.2055679565211362,0.0,-0.19965496481556005,False,False,False,False
MTR-00146,ZONE-09,-0.0028867334612379,0.0620336815177999,0.0,-0.199801227765957,False,False,False,False
MTR-00403,ZONE-04,-0.0053550329687082,0.1161337043107062,0.0,-0.20004864155763652,False,False,False,False
MTR-00118,ZONE-02,-0.0332293156843941,0.1298674757510494,0.0,-0.20044575315542135,False,False,False,False
MTR-00022,ZONE-04,-0.0082555112591704,0.0460066938686347,0.0,-0.20068035816531038,False,False,False,False
MTR-00326,ZONE-03,0.0030641566971616,0.1836734693877552,0.0,-0.20087401214101797,False,False,False,False
MTR-00047,ZONE-05,-0.0209520955841042,0.1550245327540357,0.0,-0.20125436056224488,False,False,False,False
MTR-00498,ZONE-04,-0.0271521500380163,0.0815240348061164,0.0,-0.20126076264928683,False,False,False,False
MTR-00072,ZONE-02,-0.0309123970478124,0.1691867871138382,0.0,-0.20129383706477627,False,False,False,False
MTR-00207,ZONE-08,-0.0285518574371825,0.0282704275610119,0.0,-0.20135111637461672,False,False,False,False
MTR-00070,ZONE-05,-0.0212507930898782,0.0288105315451856,0.0,-0.20140278196281658,False,False,False,False
MTR-00429,ZONE-01,-0.0236930422786021,0.0204788509143568,0.0,-0.20145618693958378,False,False,False,False
MTR-00185,ZONE-05,-0.0208052787503365,0.0306901106793378,0.0,-0.2018458936803581,False,False,False,False
MTR-00195,ZONE-10,-0.0040985078701407,0.1741201318993943,0.0,-0.20191354712084775,False,False,False,False
MTR-00032,ZONE-03,-0.0268891048939228,0.180965260755642,0.0,-0.20192031537824462,False,False,False,False
MTR-00489,ZONE-08,-0.0301160779558866,0.0777954103739103,0.0,-0.2019436600910841,False,False,False,False
MTR-00066,ZONE-04,-0.0047552487859703,0.0374017814685279,0.0,-0.2019807474559585,False,False,False,False
MTR-00289,ZONE-06,-0.0189099333564002,0.0369022008935959,0.0,-0.2020441512977621,False,False,False,False
MTR-00435,ZONE-05,-0.0065287202065089,0.0419522482488513,0.0,-0.20212267011474927,False,False,False,False
MTR-00177,ZONE-08,0.0126620655824822,0.067448286467615,0.0,-0.20234208747067362,False,False,False,False
MTR-00097,ZONE-03,-0.0190877333734478,0.077871935014792,0.0,-0.20249818101558342,False,False,False,False
MTR-00085,ZONE-07,-0.0255252444901969,0.0442321704312251,0.0,-0.2025141396054151,False,False,False,False
MTR-00384,ZONE-03,0.0023211010478723,0.048323180949402,0.0,-0.20253085868453835,False,False,False,False
MTR-00460,ZONE-02,0.0096348061981216,0.0745783916645078,0.0,-0.20272371788244736,False,False,False,False
MTR-00321,ZONE-04,0.0093901343326101,0.1273858830232507,0.0,-0.20274101005240913,False,False,False,False
MTR-00001,ZONE-01,0.0091115843147482,0.114336621615749,0.0,-0.20281316909675506,False,False,False,False
MTR-00161,ZONE-10,-0.0027049365091291,0.0258088358192475,0.0,-0.20320001556059342,False,False,False,False
MTR-00413,ZONE-03,-0.0257925198403996,0.1191300916385321,0.0,-0.2032788082495281,False,False,False,False
MTR-00256,ZONE-02,-0.0225837872939138,0.1506187091886431,0.0,-0.2035582066740837,False,False,False,False
MTR-00052,ZONE-02,-0.0251706237890048,0.1350241476040371,0.0,-0.20385077688317088,False,False,False,False
MTR-00064,ZONE-10,-0.0012996178005715,0.1510561141427763,0.0,-0.20387496519351922,False,False,False,False
MTR-00164,ZONE-05,-0.0073624787620802,0.1022525896559914,0.0,-0.20396438680840884,False,False,False,False
MTR-00491,ZONE-10,-0.0131589649442851,0.0312910309889268,0.0,-0.2041882352313279,False,False,False,False
MTR-00226,ZONE-04,0.0107867622143295,0.0607906168704853,0.0,-0.2045232813874649,False,False,False,False
MTR-00466,ZONE-10,-0.0128817095530127,0.1445912625655939,0.0,-0.20453184051048406,False,False,False,False
MTR-00492,ZONE-09,0.0125417482436945,0.0906368766555338,0.0,-0.20458291548738727,False,False,False,False
MTR-00073,ZONE-05,0.007918224120833,0.1257914409947365,0.0,-0.2046287374940382,False,False,False,False
MTR-00217,ZONE-01,-0.0286969898625,0.0977365632751126,0.0,-0.20492756346669416,False,False,False,False
MTR-00393,ZONE-04,-0.0203348608346165,0.0331668106524434,0.0,-0.20493995594013947,False,False,False,False
MTR-00037,ZONE-09,-0.0139494261880273,0.1223860130270825,0.0,-0.2049652235594327,False,False,False,False
MTR-00344,ZONE-06,0.0115743926777234,0.1117266533617782,0.0,-0.20498591288529405,False,False,False,False
MTR-00391,ZONE-08,-0.0049526211427579,0.0258191601430177,0.0,-0.20512082398748815,False,False,False,False
MTR-00480,ZONE-02,-0.0242231633322993,0.0987468165388471,0.0,-0.2052496552366322,False,False,False,False
MTR-00448,ZONE-10,-0.0074576330045841,0.13842200305598,0.0,-0.20525934710688443,False,False,False,False
MTR-00299,ZONE-03,-0.022070435881238,0.091282375236892,0.0,-0.2054681830230891,False,False,False,False
MTR-00262,ZONE-02,-0.0095761160399943,0.1265314744402197,0.0,-0.20566356436072986,False,False,False,False
MTR-00370,ZONE-08,0.0062469566108819,0.1265793587739307,0.0,-0.20569757793241933,False,False,False,False
MTR-00475,ZONE-07,-0.0234350440611279,0.1670469410726781,0.0,-0.2057399464664963,False,False,False,False
MTR-00290,ZONE-05,-0.0091460290350129,0.0317433207270952,0.0,-0.2058514326021259,False,False,False,False
MTR-00354,ZONE-05,-0.0164663884559304,0.0919603801096081,0.0,-0.20586293751510765,False,False,False,False
MTR-00347,ZONE-10,-0.0122847350531021,0.1440177148418217,0.0,-0.20611211261683093,False,False,False,False
MTR-00398,ZONE-02,-0.0141911273103716,0.0903012918670606,0.0,-0.20615681509196976,False,False,False,False
MTR-00132,ZONE-06,-0.0256438282014448,0.1555805383798638,0.0,-0.2061923021151893,False,False,False,False
MTR-00026,ZONE-07,-0.0147472777953232,0.0962143161190217,0.0,-0.20622520448518294,False,False,False,False
MTR-00008,ZONE-07,-0.0203551352617401,0.082152476870828,0.0,-0.20624859348405306,False,False,False,False
MTR-00488,ZONE-06,-0.0060378105513214,0.0963080273186181,0.0,-0.20652811087017608,False,False,False,False
MTR-00376,ZONE-01,-0.0044413134035776,0.1417544719431512,0.0,-0.20662329280868635,False,False,False,False
MTR-00038,ZONE-09,0.0111316706364048,0.0693518406555552,0.0,-0.20666401182194966,False,False,False,False
MTR-00363,ZONE-03,-0.0112514865553616,0.1038967056388713,0.0,-0.20666633377732485,False,False,False,False
MTR-00199,ZONE-04,-0.0149994880720796,0.1241644605011041,0.0,-0.20674751459688362,False,False,False,False
MTR-00063,ZONE-04,-0.0062925806084452,0.0917220858197427,0.0,-0.2069340027337686,False,False,False,False
MTR-00348,ZONE-10,-0.0065288203800504,0.1481577892063403,0.0,-0.20712728387443846,False,False,False,False
MTR-00296,ZONE-06,-0.0151868021597012,0.1170986318398645,0.0,-0.20713427299688048,False,False,False,False
MTR-00307,ZONE-04,-0.0107472434353976,0.0376640689240799,0.0,-0.20735195140033635,False,False,False,False
MTR-00174,ZONE-08,-0.0014074873063059,0.0568519639051854,0.0,-0.20738145568211525,False,False,False,False
MTR-00285,ZONE-05,0.0077252905460386,0.1205374840903873,0.0,-0.2074537774908869,False,False,False,False
MTR-00500,ZONE-05,-0.0022338982172023,0.1128356248433678,0.0,-0.20760512245289037,False,False,False,False
MTR-00163,ZONE-05,-0.0147525484653043,0.0363371101747383,0.0,-0.2076212507649527,False,False,False,False
MTR-00122,ZONE-07,-0.0097564022485947,0.0439725171767646,0.0,-0.20779364276477313,False,False,False,False
MTR-00412,ZONE-03,-0.0129290750086681,0.1294833763531995,0.0,-0.20784969884531534,False,False,False,False
MTR-00108,ZONE-07,-0.0122591481914677,0.0449472786273974,0.0,-0.20786616429258437,False,False,False,False
MTR-00323,ZONE-07,-0.0278254622805218,0.0808501110219616,0.0,-0.20794024766521402,False,False,False,False
MTR-00048,ZONE-09,0.0023990741261665,0.0895573969442948,0.0,-0.20804361429620638,False,False,False,False
MTR-00339,ZONE-03,-0.014590715661052,0.055871074219698,0.0,-0.20805497632525838,False,False,False,False
MTR-00078,ZONE-03,-0.0262010935329179,0.0474163043965402,0.0,-0.208157309280336,False,False,False,False
MTR-00379,ZONE-04,-0.0005653408377095,0.0818864795597879,0.0,-0.20816354326477066,False,False,False,False
MTR-00387,ZONE-01,-0.0080819131560294,0.1050571666307129,0.0,-0.2082107690467071,False,False,False,False
MTR-00495,ZONE-03,-0.017919716629041,0.0750917839144412,0.0,-0.20822251334034197,False,False,False,False
MTR-00430,ZONE-08,-0.0186092325010773,0.1330349055027394,0.0,-0.20823762941400947,False,False,False,False
MTR-00308,ZONE-06,-0.0115722822553177,0.0687989596556957,0.0,-0.20825614853801316,False,False,False,False
MTR-00203,ZONE-05,-0.0098665676381703,0.0418992982635864,0.0,-0.2083523145127379,False,False,False,False
MTR-00452,ZONE-10,-0.0184193208739142,0.1487233482495393,0.0,-0.20845349896547527,False,False,False,False
MTR-00112,ZONE-08,-0.0226958817231544,0.0849726619645789,0.0,-0.20849868712678848,False,False,False,False
MTR-00075,ZONE-07,-0.0049468883416632,0.0675953314196622,0.0,-0.20860507090702918,False,False,False,False
MTR-00080,ZONE-07,-0.0035410586167161,0.0576482420272109,0.0,-0.20886545866847372,False,False,False,False
MTR-00265,ZONE-10,-0.0191097162851938,0.0563281207726853,0.0,-0.20896045731733376,False,False,False,False
MTR-00493,ZONE-08,-0.0210954054126544,0.0719630930987312,0.0,-0.20902204382169381,False,False,False,False
MTR-00301,ZONE-04,-0.0016875047940476,0.0671604992384313,0.0,-0.20909351876715454,False,False,False,False
MTR-00204,ZONE-07,-0.0171262729333099,0.0438001866456092,0.0,-0.20917161117637917,False,False,False,False
MTR-00331,ZONE-06,0.0040248988264752,0.0615329001313713,0.0,-0.20924026645517108,False,False,False,False
MTR-00357,ZONE-02,-0.0052604749295535,0.086249132694241,0.0,-0.20934562437001225,False,False,False,False
MTR-00444,ZONE-05,0.0033792295137632,0.0831717656337287,0.0,-0.20943735070428737,False,False,False,False
MTR-00311,ZONE-07,-0.0075342652388348,0.1269516880568953,0.0,-0.2097802454871872,False,False,False,False
MTR-00074,ZONE-02,0.0040840741733876,0.0903652977455086,0.0,-0.2098218875363893,False,False,False,False
MTR-00273,ZONE-02,-0.0159822362220989,0.0557829101096035,0.0,-0.20982438370912854,False,False,False,False
MTR-00423,ZONE-08,-0.0106998718630415,0.1161164913137089,0.0,-0.2099433267066908,False,False,False,False
MTR-00462,ZONE-02,-0.0071021991280468,0.0673506095529945,0.0,-0.20995576271175198,False,False,False,False
MTR-00054,ZONE-05,-0.0194636586144514,0.1252527402362456,0.0,-0.2099616443792618,False,False,False,False
MTR-00126,ZONE-06,0.0002326807929761,0.0947165947941549,0.0,-0.2099648619107205,False,False,False,False
MTR-00019,ZONE-09,-0.0098792862737087,0.0581264684850341,0.0,-0.21002895941412075,False,False,False,False
MTR-00248,ZONE-05,-0.0100790494033722,0.0391697451039608,0.0,-0.21008148572535695,False,False,False,False
MTR-00119,ZONE-03,-0.0013738750732199,0.0557233383794968,0.0,-0.210316689737585,False,False,False,False
MTR-00494,ZONE-07,-0.0010647645629813,0.1428128391998758,0.0,-0.2107109281614158,False,False,False,False
MTR-00179,ZONE-10,-0.0073775824607489,0.1316303106931982,0.0,-0.2108201747390791,False,False,False,False
MTR-00035,ZONE-09,-0.0047656834720506,0.1364960278456586,0.0,-0.210864199613908,False,False,False,False
MTR-00439,ZONE-01,0.0014061078383621,0.0673211873274368,0.0,-0.21110819470375952,False,False,False,False
MTR-00381,ZONE-01,-0.0061582635963501,0.1159302567202523,0.0,-0.2114637698166591,False,False,False,False
MTR-00255,ZONE-07,-0.0123497607841611,0.1242366486444436,0.0,-0.21182231517220468,False,False,False,False
MTR-00417,ZONE-10,-0.0077916965753583,0.1052863130108596,0.0,-0.21208303329525519,False,False,False,False
MTR-00010,ZONE-01,-0.0162980507961896,0.071026484973392,0.0,-0.21273661472477978,False,False,False,False
MTR-00371,ZONE-04,-0.0104796564847382,0.0639874843276709,0.0,-0.21283490405291788,False,False,False,False
MTR-00088,ZONE-04,-0.0061788737849752,0.095855543464227,0.0,-0.2134521188693505,False,False,False,False
MTR-00034,ZONE-06,-0.0061846054018979,0.0917754886852136,0.0,-0.21376494496298032,False,False,False,False
